"time","cwnd","rtt","dupack","retransmissions","drops","label"
10.18154,2.000,0.080,0,0,0,0
10.28246,3.000,0.100,0,0,0,0
10.29086,4.000,0.110,0,0,0,0
10.38339,5.000,0.100,0,0,0,0
10.39179,6.000,0.110,0,0,0,0
10.40019,7.000,0.110,0,0,0,0
10.40859,8.000,0.120,0,0,0,0
10.48432,9.000,0.100,0,0,0,0
10.49277,10.000,0.110,0,0,0,0
10.50117,11.000,0.110,0,0,0,0
10.50957,12.000,0.120,0,0,0,0
10.51797,13.000,0.120,0,0,0,0
10.52637,14.000,0.130,0,0,0,0
10.53477,15.000,0.130,0,0,0,0
10.54317,16.000,0.130,0,0,0,0
10.58525,17.000,0.100,0,0,0,0
10.59365,18.000,0.110,0,0,0,0
10.60205,19.000,0.110,0,0,0,0
10.61045,20.000,0.120,0,0,0,0
10.61885,21.000,0.120,0,0,0,0
10.62725,22.000,0.130,0,0,0,0
10.63565,23.000,0.130,0,0,0,0
10.64405,24.000,0.130,0,0,0,0
10.65245,25.000,0.130,0,0,0,0
10.66085,26.000,0.140,0,0,0,0
10.66925,27.000,0.140,0,0,0,0
10.67765,28.000,0.150,0,0,0,0
10.68605,29.000,0.150,0,0,0,0
10.69445,30.000,0.160,0,0,0,0
10.70285,31.000,0.160,0,0,0,0
10.71125,32.000,0.170,0,0,0,0
10.71965,33.000,0.130,0,0,0,0
10.72805,34.000,0.140,0,0,0,0
10.73645,35.000,0.140,0,0,0,0
10.74485,36.000,0.150,0,0,0,0
10.75325,37.000,0.150,0,0,0,0
10.76165,38.000,0.160,0,0,0,0
10.77005,39.000,0.160,0,0,0,0
10.77845,40.000,0.170,0,0,0,0
10.78685,41.000,0.170,0,0,0,0
10.79525,42.000,0.180,0,0,0,0
10.80365,43.000,0.180,0,0,0,0
10.81205,44.000,0.180,0,0,0,0
10.82045,45.000,0.180,0,0,0,0
10.82885,46.000,0.190,0,0,0,0
10.83725,47.000,0.190,0,0,0,0
10.84565,48.000,0.200,0,0,0,0
10.85405,49.000,0.200,0,0,0,0
10.86245,50.000,0.210,0,0,0,0
10.87085,51.000,0.210,0,0,0,0
10.87925,52.000,0.220,0,0,0,0
10.88765,53.000,0.220,0,0,0,0
10.89605,54.000,0.230,0,0,0,0
10.90445,55.000,0.230,0,0,0,0
10.91285,56.000,0.240,0,0,0,0
10.92125,57.000,0.240,0,0,0,0
10.92965,58.000,0.240,0,0,0,0
10.93805,59.000,0.240,0,0,0,0
10.94645,60.000,0.250,0,0,0,0
10.95485,61.000,0.250,0,0,0,0
10.96325,62.000,0.260,0,0,0,0
10.97165,63.000,0.260,0,0,0,0
10.98005,64.000,0.270,0,0,0,0
10.98845,65.000,0.270,0,0,0,0
10.99685,66.000,0.280,0,0,0,0
11.00525,67.000,0.280,0,0,0,0
11.01365,68.000,0.290,0,0,0,0
11.02205,69.000,0.290,0,0,0,0
11.03045,70.000,0.290,0,0,0,0
11.03885,71.000,0.290,0,0,0,0
11.04725,72.000,0.300,0,0,0,0
11.05565,73.000,0.300,0,0,0,0
11.06405,74.000,0.310,0,0,0,0
11.07245,75.000,0.310,0,0,0,0
11.08085,76.000,0.320,0,0,0,0
11.08925,77.000,0.320,0,0,0,0
11.09765,78.000,0.330,0,0,0,0
11.10605,79.000,0.330,0,0,0,0
11.11445,80.000,0.340,0,0,0,0
11.12285,81.000,0.340,0,0,0,0
11.13125,82.000,0.340,0,0,0,0
11.13965,83.000,0.340,0,0,0,0
11.14805,84.000,0.350,0,0,0,0
11.15645,85.000,0.350,0,0,0,0
11.16485,86.000,0.360,0,0,0,0
11.17325,87.000,0.360,0,0,0,0
11.18165,88.000,0.370,0,0,0,0
11.19005,89.000,0.370,0,0,0,0
11.19845,90.000,0.380,0,0,0,0
11.20685,91.000,0.380,0,0,0,0
11.21525,92.000,0.390,0,0,0,0
11.22365,93.000,0.390,0,0,0,0
11.23205,94.000,0.390,0,0,0,0
11.24045,95.000,0.390,0,0,0,0
11.24885,96.000,0.400,0,0,0,0
11.25725,97.000,0.400,0,0,0,0
11.26565,98.000,0.410,0,0,0,0
11.27405,99.000,0.410,0,0,0,0
11.28245,100.000,0.420,0,0,0,0
11.29085,101.000,0.420,0,0,0,0
11.29925,102.000,0.430,0,0,0,0
11.30765,103.000,0.430,0,0,0,0
11.31605,104.000,0.440,0,0,0,0
11.32445,105.000,0.440,0,0,0,0
11.33285,106.000,0.450,0,0,0,0
11.34125,107.000,0.450,0,0,0,0
11.34965,108.000,0.450,0,0,0,0
11.35805,109.000,0.450,0,0,0,0
11.36645,110.000,0.460,0,0,0,0
11.37485,111.000,0.460,0,0,0,0
11.38325,112.000,0.470,0,0,0,0
11.39165,113.000,0.470,0,0,0,0
11.40005,114.000,0.480,0,0,0,0
11.40845,115.000,0.480,0,0,0,0
11.41685,116.000,0.490,0,0,0,0
11.42525,117.000,0.490,0,0,0,0
11.43365,118.000,0.500,0,0,0,0
11.44205,119.000,0.500,0,0,0,0
11.45045,120.000,0.500,0,0,0,0
11.45885,121.000,0.500,0,0,0,0
11.46725,122.000,0.510,0,0,0,0
11.47565,123.000,0.510,0,0,0,0
11.48405,124.000,0.520,0,0,0,0
11.49245,125.000,0.520,0,0,0,0
11.50085,126.000,0.530,0,0,0,0
11.50925,127.000,0.530,0,0,0,0
11.51765,128.000,0.540,0,0,0,0
11.52605,129.000,0.540,0,0,0,0
11.53445,130.000,0.550,0,0,0,0
11.54285,131.000,0.550,0,0,0,0
11.55125,132.000,0.550,0,0,0,0
11.55965,133.000,0.550,0,0,0,0
11.56805,134.000,0.560,0,0,0,0
11.57645,135.000,0.560,0,0,0,0
11.58485,136.000,0.570,0,0,0,0
11.59325,137.000,0.570,0,0,0,0
11.60165,138.000,0.580,0,0,0,0
11.61005,139.000,0.580,0,0,0,0
11.61845,140.000,0.590,0,0,0,0
11.62685,141.000,0.590,0,0,0,0
11.63525,142.000,0.600,0,0,0,0
11.64365,143.000,0.600,0,0,0,0
11.65205,144.000,0.600,0,0,0,0
11.66045,145.000,0.600,0,0,0,0
11.66885,146.000,0.610,0,0,0,0
11.67725,147.000,0.610,0,0,0,0
11.68565,148.000,0.620,0,0,0,0
11.69405,149.000,0.620,0,0,0,0
11.70245,150.000,0.630,0,0,0,0
11.71085,151.000,0.630,0,0,0,0
11.71925,152.000,0.640,0,0,0,0
11.72765,153.000,0.640,0,0,0,0
11.73605,154.000,0.650,0,0,0,0
11.74445,155.000,0.650,0,0,0,0
11.75285,156.000,0.660,0,0,0,0
11.76125,157.000,0.660,0,0,0,0
11.76965,158.000,0.660,0,0,0,0
11.77805,159.000,0.660,0,0,0,0
11.78645,160.000,0.670,0,0,0,0
11.79485,161.000,0.670,0,0,0,0
11.80325,162.000,0.680,0,0,0,0
11.81165,163.000,0.680,0,0,0,0
11.82005,164.000,0.690,0,0,0,0
11.82845,165.000,0.690,0,0,0,0
11.83685,166.000,0.700,0,0,0,0
11.84525,167.000,0.700,0,0,0,0
11.85365,168.000,0.710,0,0,0,0
11.86205,169.000,0.710,0,0,0,0
11.87045,170.000,0.710,0,0,0,0
11.87885,171.000,0.710,0,0,0,0
11.88725,172.000,0.720,0,0,0,0
11.89565,173.000,0.720,0,0,0,0
11.90405,174.000,0.730,0,0,0,0
11.91245,175.000,0.730,0,0,0,0
11.92085,176.000,0.740,0,0,0,0
11.92925,177.000,0.740,0,0,0,0
11.93765,178.000,0.750,0,0,0,0
11.94605,179.000,0.750,0,0,0,0
11.95445,180.000,0.760,0,0,0,0
11.96285,181.000,0.760,0,0,0,0
11.97125,182.000,0.760,0,0,0,0
11.97965,183.000,0.760,0,0,0,0
11.98805,184.000,0.770,0,0,0,0
11.99645,185.000,0.770,0,0,0,0
12.00485,186.000,0.780,0,0,0,0
12.01325,187.000,0.780,0,0,0,0
12.02165,188.000,0.790,0,0,0,0
12.03005,189.000,0.790,0,0,0,0
12.03845,190.000,0.800,0,0,0,0
12.04685,191.000,0.800,0,0,0,0
12.05525,192.000,0.810,0,0,0,0
12.06365,193.000,0.810,0,0,0,0
12.07205,194.000,0.810,0,0,0,0
12.08045,195.000,0.810,0,0,0,0
12.08885,196.000,0.820,0,0,0,0
12.09725,197.000,0.820,0,0,0,0
12.10565,198.000,0.830,0,0,0,0
12.11405,199.000,0.830,0,0,0,0
12.12245,200.000,0.840,0,0,0,0
12.13085,201.000,0.840,0,0,0,0
12.13925,202.000,0.850,0,0,0,0
12.14765,203.000,0.850,0,0,0,0
12.15605,204.000,0.860,0,0,0,0
12.16445,205.000,0.860,0,0,0,0
12.17285,206.000,0.870,0,0,0,0
12.18125,207.000,0.870,0,0,0,0
12.18965,208.000,0.870,0,0,0,0
12.19805,209.000,0.870,0,0,0,0
12.20645,210.000,0.880,0,0,0,0
12.21485,211.000,0.880,0,0,0,0
12.22325,212.000,0.890,0,0,0,0
12.22821,212.000,0.890,0,0,1.000,0
12.23165,213.000,0.890,0,0,1.000,0
12.23661,213.000,0.890,0,0,2.000,0
12.24005,214.000,0.900,0,0,2.000,0
12.24501,214.000,0.900,0,0,3.000,0
12.24845,215.000,0.900,0,0,3.000,0
12.25341,215.000,0.900,0,0,4.000,0
12.25685,216.000,0.910,0,0,4.000,0
12.26181,216.000,0.910,0,0,5.000,0
12.26525,217.000,0.910,0,0,5.000,0
12.27021,217.000,0.910,0,0,6.000,0
12.27365,218.000,0.920,0,0,6.000,0
12.27861,218.000,0.920,0,0,7.000,0
12.28205,219.000,0.920,0,0,7.000,0
12.28701,219.000,0.920,0,0,8.000,0
12.29045,220.000,0.920,0,0,8.000,0
12.29541,220.000,0.920,0,0,9.000,0
12.29885,221.000,0.920,0,0,9.000,0
12.30381,221.000,0.920,0,0,10.000,0
12.30725,222.000,0.930,0,0,10.000,0
12.31221,222.000,0.930,0,0,11.000,0
12.31565,223.000,0.930,0,0,11.000,0
12.32061,223.000,0.930,0,0,12.000,0
12.32405,224.000,0.940,0,0,12.000,0
12.32901,224.000,0.940,0,0,13.000,0
12.33245,225.000,0.940,0,0,13.000,0
12.33741,225.000,0.940,0,0,14.000,0
12.34085,226.000,0.950,0,0,14.000,0
12.34581,226.000,0.950,0,0,15.000,0
12.34925,227.000,0.950,0,0,15.000,0
12.35421,227.000,0.950,0,0,16.000,0
12.35765,228.000,0.960,0,0,16.000,0
12.36261,228.000,0.960,0,0,17.000,0
12.36605,229.000,0.960,0,0,17.000,0
12.37101,229.000,0.960,0,0,18.000,0
12.37445,230.000,0.970,0,0,18.000,0
12.37941,230.000,0.970,0,0,19.000,0
12.38285,231.000,0.970,0,0,19.000,0
12.38781,231.000,0.970,0,0,20.000,0
12.39125,232.000,0.970,0,0,20.000,0
12.39621,232.000,0.970,0,0,21.000,0
12.39965,233.000,0.970,0,0,21.000,0
12.40461,233.000,0.970,0,0,22.000,0
12.40805,234.000,0.980,0,0,22.000,0
12.41301,234.000,0.980,0,0,23.000,0
12.41645,235.000,0.980,0,0,23.000,0
12.42141,235.000,0.980,0,0,24.000,0
12.42485,236.000,0.990,0,0,24.000,0
12.42981,236.000,0.990,0,0,25.000,0
12.43325,237.000,0.990,0,0,25.000,0
12.43821,237.000,0.990,0,0,26.000,0
12.44165,238.000,1.000,0,0,26.000,0
12.44661,238.000,1.000,0,0,27.000,0
12.45005,239.000,1.000,0,0,27.000,0
12.45501,239.000,1.000,0,0,28.000,0
12.45845,240.000,1.010,0,0,28.000,0
12.46341,240.000,1.010,0,0,29.000,0
12.46685,241.000,1.010,0,0,29.000,0
12.47181,241.000,1.010,0,0,30.000,0
12.47525,242.000,1.020,0,0,30.000,0
12.48021,242.000,1.020,0,0,31.000,0
12.48365,243.000,1.020,0,0,31.000,0
12.48861,243.000,1.020,0,0,32.000,0
12.49205,244.000,1.020,0,0,32.000,0
12.49701,244.000,1.020,0,0,33.000,0
12.50045,245.000,1.020,0,0,33.000,0
12.50541,245.000,1.020,0,0,34.000,0
12.50885,246.000,1.030,0,0,34.000,0
12.51381,246.000,1.030,0,0,35.000,0
12.51725,247.000,1.030,0,0,35.000,0
12.52221,247.000,1.030,0,0,36.000,0
12.52565,248.000,1.040,0,0,36.000,0
12.53061,248.000,1.040,0,0,37.000,0
12.53405,249.000,1.040,0,0,37.000,0
12.53901,249.000,1.040,0,0,38.000,0
12.54245,250.000,1.050,0,0,38.000,0
12.54741,250.000,1.050,0,0,39.000,0
12.55085,251.000,1.050,0,0,39.000,0
12.55581,251.000,1.050,0,0,40.000,0
12.55925,252.000,1.060,0,0,40.000,0
12.56421,252.000,1.060,0,0,41.000,0
12.56765,253.000,1.060,0,0,41.000,0
12.57261,253.000,1.060,0,0,42.000,0
12.57605,254.000,1.070,0,0,42.000,0
12.58101,254.000,1.070,0,0,43.000,0
12.58445,255.000,1.070,0,0,43.000,0
12.58941,255.000,1.070,0,0,44.000,0
12.59285,256.000,1.080,0,0,44.000,0
12.59781,256.000,1.080,0,0,45.000,0
12.60125,257.000,1.080,0,0,45.000,0
12.60621,257.000,1.080,0,0,46.000,0
12.60965,258.000,1.080,0,0,46.000,0
12.61461,258.000,1.080,0,0,47.000,0
12.61805,259.000,1.080,0,0,47.000,0
12.62301,259.000,1.080,0,0,48.000,0
12.62645,260.000,1.090,0,0,48.000,0
12.63141,260.000,1.090,0,0,49.000,0
12.63485,261.000,1.090,0,0,49.000,0
12.63981,261.000,1.090,0,0,50.000,0
12.64325,262.000,1.100,0,0,50.000,0
12.64821,262.000,1.100,0,0,51.000,0
12.65165,263.000,1.100,0,0,51.000,0
12.65661,263.000,1.100,0,0,52.000,0
12.66005,264.000,1.110,0,0,52.000,0
12.66501,264.000,1.110,0,0,53.000,0
12.66845,265.000,1.110,0,0,53.000,0
12.67341,265.000,1.110,0,0,54.000,0
12.6769,266.000,1.120,0,0,54.000,0
12.68181,266.000,1.120,0,0,55.000,0
12.6853,267.000,1.120,0,0,55.000,0
12.69026,267.000,1.120,0,0,56.000,0
12.6937,268.000,1.130,0,0,56.000,0
12.69866,268.000,1.130,0,0,57.000,0
12.7021,269.000,1.130,0,0,57.000,0
12.70706,269.000,1.130,0,0,58.000,0
12.7105,270.000,1.130,0,0,58.000,0
12.71546,270.000,1.130,0,0,59.000,0
12.7189,271.000,1.130,0,0,59.000,0
12.72386,271.000,1.130,0,0,60.000,0
12.7273,272.000,1.140,0,0,60.000,0
12.73226,272.000,1.140,0,0,61.000,0
12.7357,273.000,1.140,0,0,61.000,0
12.74066,273.000,1.140,0,0,62.000,0
12.7441,274.000,1.150,0,0,62.000,0
12.74906,274.000,1.150,0,0,63.000,0
12.7525,275.000,1.150,0,0,63.000,0
12.75746,275.000,1.150,0,0,64.000,0
12.7609,276.000,1.160,0,0,64.000,0
12.76586,276.000,1.160,0,0,65.000,0
12.7693,277.000,1.160,0,0,65.000,0
12.77426,277.000,1.160,0,0,66.000,0
12.7777,278.000,1.170,0,0,66.000,0
12.78266,278.000,1.170,0,0,67.000,0
12.7861,279.000,1.170,0,0,67.000,0
12.79106,279.000,1.170,0,0,68.000,0
12.7945,280.000,1.180,0,0,68.000,0
12.79946,280.000,1.180,0,0,69.000,0
12.8029,281.000,1.180,0,0,69.000,0
12.80786,281.000,1.180,0,0,70.000,0
12.8113,282.000,1.180,0,0,70.000,0
12.81626,282.000,1.180,0,0,71.000,0
12.8197,283.000,1.180,0,0,71.000,0
12.82466,283.000,1.180,0,0,72.000,0
12.8281,284.000,1.190,0,0,72.000,0
12.83306,284.000,1.190,0,0,73.000,0
12.8365,285.000,1.190,0,0,73.000,0
12.84146,285.000,1.190,0,0,74.000,0
12.8449,286.000,1.200,0,0,74.000,0
12.84986,286.000,1.200,0,0,75.000,0
12.8533,287.000,1.200,0,0,75.000,0
12.85826,287.000,1.200,0,0,76.000,0
12.8617,288.000,1.210,0,0,76.000,0
12.86666,288.000,1.210,0,0,77.000,0
12.8701,289.000,1.210,0,0,77.000,0
12.87506,289.000,1.210,0,0,78.000,0
12.8785,290.000,1.220,0,0,78.000,0
12.88346,290.000,1.220,0,0,79.000,0
12.8869,291.000,1.220,0,0,79.000,0
12.89186,291.000,1.220,0,0,80.000,0
12.8953,292.000,1.230,0,0,80.000,0
12.90026,292.000,1.230,0,0,81.000,0
12.9037,293.000,1.230,0,0,81.000,0
12.90866,293.000,1.230,0,0,82.000,0
12.9121,294.000,1.230,0,0,82.000,0
12.91706,294.000,1.230,0,0,83.000,0
12.9205,295.000,1.230,0,0,83.000,0
12.92546,295.000,1.230,0,0,84.000,0
12.9289,296.000,1.240,0,0,84.000,0
12.93386,296.000,1.240,0,0,85.000,0
12.9373,297.000,1.240,0,0,85.000,0
12.94226,297.000,1.240,0,0,86.000,0
12.9457,298.000,1.250,0,0,86.000,0
12.95066,298.000,1.250,0,0,87.000,0
12.9541,299.000,1.250,0,0,87.000,0
12.95906,299.000,1.250,0,0,88.000,0
12.9625,300.000,1.260,0,0,88.000,0
12.96746,300.000,1.260,0,0,89.000,0
12.9709,301.000,1.260,0,0,89.000,0
12.97586,301.000,1.260,0,0,90.000,0
12.9793,302.000,1.270,0,0,90.000,0
12.98426,302.000,1.270,0,0,91.000,0
12.9877,303.000,1.270,0,0,91.000,0
12.99266,303.000,1.270,0,0,92.000,0
12.9961,304.000,1.280,0,0,92.000,0
13.00106,304.000,1.280,0,0,93.000,0
13.0045,305.000,1.280,0,0,93.000,0
13.00946,305.000,1.280,0,0,94.000,0
13.0129,306.000,1.290,0,0,94.000,0
13.01786,306.000,1.290,0,0,95.000,0
13.0213,307.000,1.290,0,0,95.000,0
13.02626,307.000,1.290,0,0,96.000,0
13.0297,308.000,1.290,0,0,96.000,0
13.03466,308.000,1.290,0,0,97.000,0
13.0381,309.000,1.290,0,0,97.000,0
13.04306,309.000,1.290,0,0,98.000,0
13.0465,310.000,1.300,0,0,98.000,0
13.05146,310.000,1.300,0,0,99.000,0
13.0549,311.000,1.300,0,0,99.000,0
13.05986,311.000,1.300,0,0,100.000,0
13.0633,312.000,1.310,0,0,100.000,0
13.06826,312.000,1.310,0,0,101.000,0
13.0717,313.000,1.310,0,0,101.000,0
13.07666,313.000,1.310,0,0,102.000,0
13.0801,314.000,1.320,0,0,102.000,0
13.08506,314.000,1.320,0,0,103.000,0
13.0885,315.000,1.320,0,0,103.000,0
13.09346,315.000,1.320,0,0,104.000,0
13.0969,316.000,1.330,0,0,104.000,0
13.10186,316.000,1.330,0,0,105.000,0
13.1053,317.000,1.330,0,0,105.000,0
13.11026,317.000,1.330,0,0,106.000,0
13.1137,318.000,1.340,0,0,106.000,0
13.11866,318.000,1.340,0,0,107.000,0
13.1221,319.000,1.340,0,0,107.000,0
13.12706,319.000,1.340,0,0,108.000,0
13.1305,320.000,1.340,0,0,108.000,0
13.13546,320.000,1.340,0,0,109.000,0
13.1389,321.000,1.340,0,0,109.000,0
13.14386,321.000,1.340,0,0,110.000,0
13.1473,322.000,1.350,0,0,110.000,0
13.15226,322.000,1.350,0,0,111.000,0
13.1557,323.000,1.350,0,0,111.000,0
13.16066,323.000,1.350,0,0,112.000,0
13.1641,324.000,1.360,0,0,112.000,0
13.16906,324.000,1.360,0,0,113.000,0
13.1725,325.000,1.360,0,0,113.000,0
13.17746,325.000,1.360,0,0,114.000,0
13.1809,326.000,1.370,0,0,114.000,0
13.18586,326.000,1.370,0,0,115.000,0
13.1893,327.000,1.370,0,0,115.000,0
13.19426,327.000,1.370,0,0,116.000,0
13.1977,328.000,1.380,0,0,116.000,0
13.20266,328.000,1.380,0,0,117.000,0
13.2061,329.000,1.380,0,0,117.000,0
13.21106,329.000,1.380,0,0,118.000,0
13.2145,330.000,1.390,0,0,118.000,0
13.21946,330.000,1.390,0,0,119.000,0
13.2229,331.000,1.390,0,0,119.000,0
13.22786,331.000,1.390,0,0,120.000,0
13.2313,332.000,1.390,0,0,120.000,0
13.23626,332.000,1.390,0,0,121.000,0
13.2397,333.000,1.390,0,0,121.000,0
13.24466,333.000,1.390,0,0,122.000,0
13.2481,334.000,1.400,0,0,122.000,0
13.25306,334.000,1.400,0,0,123.000,0
13.2565,335.000,1.400,0,0,123.000,0
13.26146,335.000,1.400,0,0,124.000,0
13.2649,336.000,1.410,0,0,124.000,0
13.26986,336.000,1.410,0,0,125.000,0
13.2733,337.000,1.410,0,0,125.000,0
13.27826,337.000,1.410,0,0,126.000,0
13.2817,338.000,1.420,0,0,126.000,0
13.28666,338.000,1.420,0,0,127.000,0
13.2901,339.000,1.420,0,0,127.000,0
13.29506,339.000,1.420,0,0,128.000,0
13.2985,340.000,1.430,0,0,128.000,0
13.30346,340.000,1.430,0,0,129.000,0
13.3069,341.000,1.430,0,0,129.000,0
13.31186,341.000,1.430,0,0,130.000,0
13.3153,342.000,1.440,0,0,130.000,0
13.32026,342.000,1.440,0,0,131.000,0
13.3237,343.000,1.440,0,0,131.000,0
13.32866,343.000,1.440,0,0,132.000,0
13.3321,344.000,1.440,0,0,132.000,0
13.33706,344.000,1.440,0,0,133.000,0
13.3405,345.000,1.440,0,0,133.000,0
13.34546,345.000,1.440,0,0,134.000,0
13.3489,346.000,1.450,0,0,134.000,0
13.35386,346.000,1.450,0,0,135.000,0
13.3573,347.000,1.450,0,0,135.000,0
13.36226,347.000,1.450,0,0,136.000,0
13.3657,348.000,1.460,0,0,136.000,0
13.37066,348.000,1.460,0,0,137.000,0
13.3741,349.000,1.460,0,0,137.000,0
13.37906,349.000,1.460,0,0,138.000,0
13.3825,350.000,1.470,0,0,138.000,0
13.38746,350.000,1.470,0,0,139.000,0
13.3909,351.000,1.470,0,0,139.000,0
13.39586,351.000,1.470,0,0,140.000,0
13.3993,352.000,1.480,0,0,140.000,0
13.40426,352.000,1.480,0,0,141.000,0
13.4077,353.000,1.480,0,0,141.000,0
13.41266,353.000,1.480,0,0,142.000,0
13.4161,354.000,1.490,0,0,142.000,0
13.42106,354.000,1.490,0,0,143.000,0
13.4245,355.000,1.490,0,0,143.000,0
13.42946,355.000,1.490,0,0,144.000,0
13.4329,356.000,1.500,0,0,144.000,0
13.43786,356.000,1.500,0,0,145.000,0
13.4413,357.000,1.500,0,0,145.000,0
13.44626,357.000,1.500,0,0,146.000,0
13.4497,358.000,1.500,0,0,146.000,0
13.45466,358.000,1.500,0,0,147.000,0
13.4581,359.000,1.500,0,0,147.000,0
13.46306,359.000,1.500,0,0,148.000,0
13.4665,360.000,1.510,0,0,148.000,0
13.47146,360.000,1.510,0,0,149.000,0
13.4749,361.000,1.510,0,0,149.000,0
13.47986,361.000,1.510,0,0,150.000,0
13.4833,362.000,1.520,0,0,150.000,0
13.48826,362.000,1.520,0,0,151.000,0
13.4917,363.000,1.520,0,0,151.000,0
13.49666,363.000,1.520,0,0,152.000,0
13.5001,364.000,1.530,0,0,152.000,0
13.50506,364.000,1.530,0,0,153.000,0
13.5085,365.000,1.530,0,0,153.000,0
13.51346,365.000,1.530,0,0,154.000,0
13.5169,366.000,1.540,0,0,154.000,0
13.52186,366.000,1.540,0,0,155.000,0
13.5253,367.000,1.540,0,0,155.000,0
13.53026,367.000,1.540,0,0,156.000,0
13.5337,368.000,1.550,0,0,156.000,0
13.53866,368.000,1.550,0,0,157.000,0
13.5421,369.000,1.550,0,0,157.000,0
13.54706,369.000,1.550,0,0,158.000,0
13.5505,370.000,1.550,0,0,158.000,0
13.55546,370.000,1.550,0,0,159.000,0
13.5589,371.000,1.550,0,0,159.000,0
13.56386,371.000,1.550,0,0,160.000,0
13.5673,372.000,1.560,0,0,160.000,0
13.57226,372.000,1.560,0,0,161.000,0
13.5757,373.000,1.560,0,0,161.000,0
13.58066,373.000,1.560,0,0,162.000,0
13.5841,374.000,1.570,0,0,162.000,0
13.58906,374.000,1.570,0,0,163.000,0
13.5925,375.000,1.570,0,0,163.000,0
13.59746,375.000,1.570,0,0,164.000,0
13.6009,376.000,1.580,0,0,164.000,0
13.60586,376.000,1.580,0,0,165.000,0
13.6093,377.000,1.580,0,0,165.000,0
13.61426,377.000,1.580,0,0,166.000,0
13.6177,378.000,1.590,0,0,166.000,0
13.62266,378.000,1.590,0,0,167.000,0
13.6261,379.000,1.590,0,0,167.000,0
13.63106,379.000,1.590,0,0,168.000,0
13.6345,380.000,1.600,0,0,168.000,0
13.63946,380.000,1.600,0,0,169.000,0
13.6429,381.000,1.600,0,0,169.000,0
13.64786,381.000,1.600,0,0,170.000,0
13.6513,382.000,1.600,0,0,170.000,0
13.65626,382.000,1.600,0,0,171.000,0
13.6597,383.000,1.600,0,0,171.000,0
13.66466,383.000,1.600,0,0,172.000,0
13.6681,384.000,1.610,0,0,172.000,0
13.67306,384.000,1.610,0,0,173.000,0
13.6765,385.000,1.610,0,0,173.000,0
13.68146,385.000,1.610,0,0,174.000,0
13.6849,386.000,1.620,0,0,174.000,0
13.68986,386.000,1.620,0,0,175.000,0
13.6933,387.000,1.620,0,0,175.000,0
13.69826,387.000,1.620,0,0,176.000,0
13.7017,388.000,1.630,0,0,176.000,0
13.70666,388.000,1.630,0,0,177.000,0
13.7101,389.000,1.630,0,0,177.000,0
13.71506,389.000,1.630,0,0,178.000,0
13.7185,390.000,1.640,0,0,178.000,0
13.72346,390.000,1.640,0,0,179.000,0
13.7269,391.000,1.640,0,0,179.000,0
13.73186,391.000,1.640,0,0,180.000,0
13.7353,392.000,1.650,0,0,180.000,0
13.74026,392.000,1.650,0,0,181.000,0
13.7437,393.000,1.650,0,0,181.000,0
13.7521,394.000,1.650,0,0,181.000,0
13.75706,394.000,1.650,0,0,182.000,0
13.7605,395.000,1.650,0,0,182.000,0
13.76546,395.000,1.650,0,0,183.000,0
13.7689,396.000,1.660,0,0,183.000,0
13.77386,396.000,1.660,0,0,184.000,0
13.7773,397.000,1.660,0,0,184.000,0
13.78226,397.000,1.660,0,0,185.000,0
13.7857,398.000,1.670,0,0,185.000,0
13.79066,398.000,1.670,0,0,186.000,0
13.7941,399.000,1.670,0,0,186.000,0
13.79906,399.000,1.670,0,0,187.000,0
13.8025,400.000,1.680,0,0,187.000,0
13.80746,400.000,1.680,0,0,188.000,0
13.8109,401.000,1.680,0,0,188.000,0
13.81586,401.000,1.680,0,0,189.000,0
13.8193,402.000,1.690,0,0,189.000,0
13.82426,402.000,1.690,0,0,190.000,0
13.8277,403.000,1.690,0,0,190.000,0
13.83266,403.000,1.690,0,0,191.000,0
13.8361,404.000,1.700,0,0,191.000,0
13.84106,404.000,1.700,0,0,192.000,0
13.8445,405.000,1.700,0,0,192.000,0
13.84946,405.000,1.700,0,0,193.000,0
13.8529,406.000,1.710,0,0,193.000,0
13.85786,406.000,1.710,0,0,194.000,0
13.8613,407.000,1.710,0,0,194.000,0
13.86626,407.000,1.710,0,0,195.000,0
13.8697,408.000,1.710,0,0,195.000,0
13.87466,408.000,1.710,0,0,196.000,0
13.8781,409.000,1.710,0,0,196.000,0
13.88306,409.000,1.710,0,0,197.000,0
13.8865,410.000,1.720,0,0,197.000,0
13.89146,410.000,1.720,0,0,198.000,0
13.8949,411.000,1.720,0,0,198.000,0
13.89986,411.000,1.720,0,0,199.000,0
13.9033,412.000,1.730,0,0,199.000,0
13.90826,412.000,1.730,0,0,200.0000,0
13.9117,413.000,1.730,0,0,200.000,0
13.91666,413.000,1.730,0,0,201.0000,0
13.9201,414.000,1.740,0,0,201.000,0
13.92506,414.000,1.740,0,0,202.0000,0
13.9285,415.000,1.740,0,0,202.000,0
13.93346,415.000,1.740,0,0,203.0000,0
13.9369,416.000,1.750,0,0,203.000,0
13.94186,416.000,1.750,0,0,204.0000,0
13.9453,417.000,1.750,0,0,204.000,0
13.95026,417.000,1.750,0,0,205.000,0
13.9537,418.000,1.760,0,0,205.000,0
13.95635,418.000,1.760,0,0,206.000,0
13.95866,418.000,1.760,0,0,207.000,0
13.9621,419.000,1.760,0,0,207.000,0
13.96706,419.000,1.760,0,0,208.000,0
13.9705,420.000,1.760,0,0,208.000,0
13.97546,420.000,1.760,0,0,209.000,0
13.9789,421.000,1.760,0,0,209.000,0
13.98386,421.000,1.760,0,0,210.000,0
13.9873,421.000,1.760,1,0,210.000,0
13.99226,421.000,1.760,1,0,211.000,0
13.9957,421.000,1.760,2,0,211.000,0
14.0041,210.500,1.760,3,1,211.000,1
14.0125,210.500,1.760,4,1,211.000,1
14.0209,210.500,1.760,5,1,211.000,1
14.0293,210.500,1.760,6,1,211.000,1
14.0377,210.500,1.760,7,1,211.000,1
14.0461,210.500,1.760,8,1,211.000,1
14.0545,210.500,1.760,9,1,211.000,1
14.0629,210.500,1.760,10,1,211.000,1
14.0713,210.500,1.760,11,1,211.000,1
14.0797,210.500,1.760,12,1,211.000,1
14.0881,210.500,1.760,13,1,211.000,1
14.0965,210.500,1.760,14,1,211.000,1
14.1049,210.500,1.760,15,1,211.000,1
14.1133,210.500,1.760,16,1,211.000,1
14.1217,210.500,1.760,17,1,211.000,1
14.1301,210.500,1.760,18,1,211.000,1
14.1385,210.500,1.760,19,1,211.000,1
14.1469,210.500,1.760,20,1,211.000,1
14.1553,210.500,1.760,21,1,211.000,1
14.1637,210.500,1.760,22,1,211.000,1
14.1721,210.500,1.760,23,1,211.000,1
14.1805,210.500,1.760,24,1,211.000,1
14.1889,210.500,1.760,25,1,211.000,1
14.1973,210.500,1.760,26,1,211.000,1
14.2057,210.500,1.760,27,1,211.000,1
14.2141,210.500,1.760,28,1,211.000,1
14.2225,210.500,1.760,29,1,211.000,1
14.2309,210.500,1.760,30,1,211.000,1
14.2393,210.500,1.760,31,1,211.000,1
14.2477,210.500,1.760,32,1,211.000,1
14.2561,210.500,1.760,33,1,211.000,1
14.2645,210.500,1.760,34,1,211.000,1
14.2729,210.500,1.760,35,1,211.000,1
14.2813,210.500,1.760,36,1,211.000,1
14.2897,210.500,1.760,37,1,211.000,1
14.2981,210.500,1.760,38,1,211.000,1
14.3065,210.500,1.760,39,1,211.000,1
14.3149,210.500,1.760,40,1,211.000,1
14.3233,210.500,1.760,41,1,211.000,1
14.3317,210.500,1.760,42,1,211.000,1
14.3401,210.500,1.760,43,1,211.000,1
14.3485,210.500,1.760,44,1,211.000,1
14.3569,210.500,1.760,45,1,211.000,1
14.3653,210.500,1.760,46,1,211.000,1
14.3737,210.500,1.760,47,1,211.000,1
14.3821,210.500,1.760,48,1,211.000,1
14.3905,210.500,1.760,49,1,211.000,1
14.3989,210.500,1.760,50,1,211.000,1
14.4073,210.500,1.760,51,1,211.000,1
14.4157,210.500,1.760,52,1,211.000,1
14.4241,210.500,1.760,53,1,211.000,1
14.4325,210.500,1.760,54,1,211.000,1
14.4409,210.500,1.760,55,1,211.000,1
14.4493,210.500,1.760,56,1,211.000,1
14.4577,210.500,1.760,57,1,211.000,1
14.4661,210.500,1.760,58,1,211.000,1
14.4745,210.500,1.760,59,1,211.000,1
14.4829,210.500,1.760,60,1,211.000,1
14.4913,210.500,1.760,61,1,211.000,1
14.4997,210.500,1.760,62,1,211.000,1
14.5081,210.500,1.760,63,1,211.000,1
14.5165,210.500,1.760,64,1,211.000,1
14.5249,210.500,1.760,65,1,211.000,1
14.5333,210.500,1.760,66,1,211.000,1
14.5417,210.500,1.760,67,1,211.000,1
14.5501,210.500,1.760,68,1,211.000,1
14.5585,210.500,1.760,69,1,211.000,1
14.5669,210.500,1.760,70,1,211.000,1
14.5753,210.500,1.760,71,1,211.000,1
14.5837,210.500,1.760,72,1,211.000,1
14.5921,210.500,1.760,73,1,211.000,1
14.6005,210.500,1.760,74,1,211.000,1
14.60894,210.500,1.760,75,1,211.000,1
14.61734,210.500,1.760,76,1,211.000,1
14.62574,210.500,1.760,77,1,211.000,1
14.63414,210.500,1.760,78,1,211.000,1
14.64254,210.500,1.760,79,1,211.000,1
14.65094,210.500,1.760,80,1,211.000,1
14.65934,210.500,1.760,81,1,211.000,1
14.66774,210.500,1.760,82,1,211.000,1
14.67614,210.500,1.760,83,1,211.000,1
14.68454,210.500,1.760,84,1,211.000,1
14.69294,210.500,1.760,85,1,211.000,1
14.70134,210.500,1.760,86,1,211.000,1
14.70974,210.500,1.760,87,1,211.000,1
14.71814,210.500,1.760,88,1,211.000,1
14.72654,210.500,1.760,89,1,211.000,1
14.73494,210.500,1.760,90,1,211.000,1
14.74334,210.500,1.760,91,1,211.000,1
14.75174,210.500,1.760,92,1,211.000,1
14.76014,210.500,1.760,93,1,211.000,1
14.76854,210.500,1.760,94,1,211.000,1
14.77694,210.500,1.760,95,1,211.000,1
14.78534,210.500,1.760,96,1,211.000,1
14.79374,210.500,1.760,97,1,211.000,1
14.80214,210.500,1.760,98,1,211.000,1
14.81054,210.500,1.760,99,1,211.000,1
14.81894,210.500,1.760,100,1,211.000,1
14.82734,210.500,1.760,101,1,211.000,1
14.83574,210.500,1.760,102,1,211.000,1
14.84414,210.500,1.760,103,1,211.000,1
14.85254,210.500,1.760,104,1,211.000,1
14.86094,210.500,1.760,105,1,211.000,1
14.86934,210.500,1.760,106,1,211.000,1
14.87774,210.500,1.760,107,1,211.000,1
14.88614,210.500,1.760,108,1,211.000,1
14.89454,210.500,1.760,109,1,211.000,1
14.90294,210.500,1.760,110,1,211.000,1
14.91134,210.500,1.760,111,1,211.000,1
14.91974,210.500,1.760,112,1,211.000,1
14.92814,210.500,1.760,113,1,211.000,1
14.93654,210.500,1.760,114,1,211.000,1
14.94494,210.500,1.760,115,1,211.000,1
14.95334,210.500,1.760,116,1,211.000,1
14.96174,210.500,1.760,117,1,211.000,1
14.97014,210.500,1.760,118,1,211.000,1
14.97854,210.500,1.760,119,1,211.000,1
14.98694,210.500,1.760,120,1,211.000,1
14.99534,210.500,1.760,121,1,211.000,1
15.00374,210.500,1.760,122,1,211.000,1
15.01214,210.500,1.760,123,1,211.000,1
15.02054,210.500,1.760,124,1,211.000,1
15.02894,210.500,1.760,125,1,211.000,1
15.03734,210.500,1.760,126,1,211.000,1
15.04574,210.500,1.760,127,1,211.000,1
15.05414,210.500,1.760,128,1,211.000,1
15.06254,210.500,1.760,129,1,211.000,1
15.07094,210.500,1.760,130,1,211.000,1
15.07934,210.500,1.760,131,1,211.000,1
15.08774,210.500,1.760,132,1,211.000,1
15.09614,210.500,1.760,133,1,211.000,1
15.10454,210.500,1.760,134,1,211.000,1
15.11294,210.500,1.760,135,1,211.000,1
15.12134,210.500,1.760,136,1,211.000,1
15.12974,210.500,1.760,137,1,211.000,1
15.13814,210.500,1.760,138,1,211.000,1
15.14654,210.500,1.760,139,1,211.000,1
15.15494,210.500,1.760,140,1,211.000,1
15.16334,210.500,1.760,141,1,211.000,1
15.17174,210.500,1.760,142,1,211.000,1
15.18014,210.500,1.760,143,1,211.000,1
15.18854,210.500,1.760,144,1,211.000,1
15.19694,210.500,1.760,145,1,211.000,1
15.20534,210.500,1.760,146,1,211.000,1
15.21374,210.500,1.760,147,1,211.000,1
15.22214,210.500,1.760,148,1,211.000,1
15.23054,210.500,1.760,149,1,211.000,1
15.23894,210.500,1.760,150,1,211.000,1
15.24734,210.500,1.760,151,1,211.000,1
15.25574,210.500,1.760,152,1,211.000,1
15.26414,210.500,1.760,153,1,211.000,1
15.27254,210.500,1.760,154,1,211.000,1
15.28094,210.500,1.760,155,1,211.000,1
15.28934,210.500,1.760,156,1,211.000,1
15.29774,210.500,1.760,157,1,211.000,1
15.30614,210.500,1.760,158,1,211.000,1
15.31454,210.500,1.760,159,1,211.000,1
15.32294,210.500,1.760,160,1,211.000,1
15.33134,210.500,1.760,161,1,211.000,1
15.33974,210.500,1.760,162,1,211.000,1
15.34814,210.500,1.760,163,1,211.000,1
15.35654,210.500,1.760,164,1,211.000,1
15.36494,210.500,1.760,165,1,211.000,1
15.37334,210.500,1.760,166,1,211.000,1
15.38174,210.500,1.760,167,1,211.000,1
15.39014,210.500,1.760,168,1,211.000,1
15.39854,210.500,1.760,169,1,211.000,1
15.40694,210.500,1.760,170,1,211.000,1
15.41534,210.500,1.760,171,1,211.000,1
15.42374,210.500,1.760,172,1,211.000,1
15.43214,210.500,1.760,173,1,211.000,1
15.44054,210.500,1.760,174,1,211.000,1
15.44894,210.500,1.760,175,1,211.000,1
15.45734,210.500,1.760,176,1,211.000,1
15.46574,210.500,1.760,177,1,211.000,1
15.47414,210.500,1.760,178,1,211.000,1
15.48254,210.500,1.760,179,1,211.000,1
15.49094,210.500,1.760,180,1,211.000,1
15.49934,210.500,1.760,181,1,211.000,1
15.50774,210.500,1.760,182,1,211.000,1
15.51614,210.500,1.760,183,1,211.000,1
15.52454,210.500,1.760,184,1,211.000,1
15.53294,210.500,1.760,185,1,211.000,1
15.54134,210.500,1.760,186,1,211.000,1
15.54974,210.500,1.760,187,1,211.000,1
15.55814,210.500,1.760,188,1,211.000,1
15.56654,210.500,1.760,189,1,211.000,1
15.57494,210.500,1.760,190,1,211.000,1
15.58334,210.500,1.760,191,1,211.000,1
15.59174,210.500,1.760,192,1,211.000,1
15.60014,210.500,1.760,193,1,211.000,1
15.60854,210.500,1.760,194,1,211.000,1
15.61694,210.500,1.760,195,1,211.000,1
15.62534,210.500,1.760,196,1,211.000,1
15.63374,210.500,1.760,197,1,211.000,1
15.64214,210.500,1.760,198,1,211.000,1
15.65054,210.500,1.760,199,1,211.000,1
15.65894,210.500,1.760,200,1,211.000,1
15.66734,210.500,1.760,201,1,211.000,1
15.67574,210.500,1.760,202,1,211.000,1
15.68414,210.500,1.760,203,1,211.000,1
15.69254,210.500,1.760,204,1,211.000,1
15.70094,210.500,1.760,205,1,211.000,1
15.70934,210.500,1.760,206,1,211.000,1
15.71774,210.500,1.760,207,1,211.000,1
15.72614,210.500,1.760,208,1,211.000,1
15.73454,210.500,1.760,209,1,211.000,1
15.74294,210.500,1.760,210,1,211.000,1
15.75134,210.500,1.760,211,1,211.000,1
15.75974,210.500,1.760,212,1,211.000,1
15.76814,210.500,1.760,213,1,211.000,1
15.77654,210.500,1.760,213,2,211.000,1
15.87747,210.500,1.760,213,3,211.000,1
15.88587,210.500,1.760,214,3,211.000,1
15.9784,210.500,1.760,214,4,211.000,1
15.9868,210.500,1.760,215,4,211.000,1
15.9952,210.500,1.760,216,4,211.000,1
16.07933,210.500,1.760,216,5,211.000,1
16.08773,210.500,1.760,217,5,211.000,1
16.09613,210.500,1.760,218,5,211.000,1
16.10453,210.500,1.760,219,5,211.000,1
16.18026,210.500,1.760,219,6,211.000,1
16.18866,210.500,1.760,220,6,211.000,1
16.19706,210.500,1.760,221,6,211.000,1
16.20546,210.500,1.760,222,6,211.000,1
16.21386,210.500,1.760,223,6,211.000,1
16.28118,210.500,1.760,223,7,211.000,1
16.28958,210.500,1.760,224,7,211.000,1
16.29798,210.500,1.760,225,7,211.000,1
16.30638,210.500,1.760,226,7,211.000,1
16.31478,210.500,1.760,227,7,211.000,1
16.32318,210.500,1.760,228,7,211.000,1
16.38211,210.500,1.760,228,8,211.000,1
16.39051,210.500,1.760,229,8,211.000,1
16.39891,210.500,1.760,230,8,211.000,1
16.40731,210.500,1.760,231,8,211.000,1
16.41571,210.500,1.760,232,8,211.000,1
16.42411,210.500,1.760,233,8,211.000,1
16.43251,210.500,1.760,234,8,211.000,1
16.48304,210.500,1.760,234,9,211.000,1
16.49144,210.500,1.760,235,9,211.000,1
16.49984,210.500,1.760,236,9,211.000,1
16.50824,210.500,1.760,237,9,211.000,1
16.51664,210.500,1.760,238,9,211.000,1
16.52504,210.500,1.760,239,9,211.000,1
16.53344,210.500,1.760,240,9,211.000,1
16.54184,210.500,1.760,241,9,211.000,1
16.58397,210.500,1.760,241,10,211.000,1
16.59237,210.500,1.760,242,10,211.000,1
16.60077,210.500,1.760,243,10,211.000,1
16.60917,210.500,1.760,244,10,211.000,1
16.61757,210.500,1.760,245,10,211.000,1
16.62597,210.500,1.760,246,10,211.000,1
16.63437,210.500,1.760,247,10,211.000,1
16.64277,210.500,1.760,248,10,211.000,1
16.65117,210.500,1.760,249,10,211.000,1
16.6849,210.500,1.760,249,11,211.000,1
16.6933,210.500,1.760,250,11,211.000,1
16.7017,210.500,1.760,251,11,211.000,1
16.7101,210.500,1.760,252,11,211.000,1
16.7185,210.500,1.760,253,11,211.000,1
16.7269,210.500,1.760,254,11,211.000,1
16.7353,210.500,1.760,255,11,211.000,1
16.7437,210.500,1.760,256,11,211.000,1
16.7521,210.500,1.760,257,11,211.000,1
16.76054,210.500,1.760,258,11,211.000,1
16.78582,210.500,1.760,258,12,211.000,1
16.79422,210.500,1.760,259,12,211.000,1
16.80262,210.500,1.760,260,12,211.000,1
16.81102,210.500,1.760,261,12,211.000,1
16.81942,210.500,1.760,262,12,211.000,1
16.82782,210.500,1.760,263,12,211.000,1
16.83622,210.500,1.760,264,12,211.000,1
16.84462,210.500,1.760,265,12,211.000,1
16.85302,210.500,1.760,266,12,211.000,1
16.86142,210.500,1.760,267,12,211.000,1
16.86982,210.500,1.760,268,12,211.000,1
16.88675,210.500,1.760,268,13,211.000,1
16.89515,210.500,1.760,269,13,211.000,1
16.90355,210.500,1.760,270,13,211.000,1
16.91195,210.500,1.760,271,13,211.000,1
16.92035,210.500,1.760,272,13,211.000,1
16.92875,210.500,1.760,273,13,211.000,1
16.93715,210.500,1.760,274,13,211.000,1
16.94555,210.500,1.760,275,13,211.000,1
16.95395,210.500,1.760,276,13,211.000,1
16.96235,210.500,1.760,277,13,211.000,1
16.97075,210.500,1.760,278,13,211.000,1
16.97915,210.500,1.760,279,13,211.000,1
16.98768,210.500,1.760,279,14,211.000,1
16.99608,210.500,1.760,280,14,211.000,1
17.00448,210.500,1.760,281,14,211.000,1
17.01288,210.500,1.760,282,14,211.000,1
17.02128,210.500,1.760,283,14,211.000,1
17.02968,210.500,1.760,284,14,211.000,1
17.03808,210.500,1.760,285,14,211.000,1
17.04648,210.500,1.760,286,14,211.000,1
17.05488,210.500,1.760,287,14,211.000,1
17.06328,210.500,1.760,288,14,211.000,1
17.07168,210.500,1.760,289,14,211.000,1
17.08008,210.500,1.760,290,14,211.000,1
17.08848,210.500,1.760,291,14,211.000,1
17.09688,210.500,1.760,291,15,211.000,1
17.10528,210.500,1.760,292,15,211.000,1
17.11368,210.500,1.760,293,15,211.000,1
17.12208,210.500,1.760,294,15,211.000,1
17.13048,210.500,1.760,295,15,211.000,1
17.13888,210.500,1.760,296,15,211.000,1
17.14728,210.500,1.760,297,15,211.000,1
17.15568,210.500,1.760,298,15,211.000,1
17.16408,210.500,1.760,299,15,211.000,1
17.17248,210.500,1.760,300,15,211.000,1
17.18088,210.500,1.760,301,15,211.000,1
17.18928,210.500,1.760,302,15,211.000,1
17.19768,210.500,1.760,303,15,211.000,1
17.20608,210.500,1.760,304,15,211.000,1
17.21448,210.500,1.760,304,16,211.000,1
17.22288,210.500,1.760,305,16,211.000,1
17.23128,210.500,1.760,306,16,211.000,1
17.23968,210.500,1.760,307,16,211.000,1
17.24808,210.500,1.760,308,16,211.000,1
17.25648,210.500,1.760,309,16,211.000,1
17.26488,210.500,1.760,310,16,211.000,1
17.27328,210.500,1.760,311,16,211.000,1
17.28168,210.500,1.760,312,16,211.000,1
17.29008,210.500,1.760,313,16,211.000,1
17.29848,210.500,1.760,314,16,211.000,1
17.30688,210.500,1.760,315,16,211.000,1
17.31528,210.500,1.760,316,16,211.000,1
17.32368,210.500,1.760,317,16,211.000,1
17.33208,210.500,1.760,318,16,211.000,1
17.34048,210.500,1.760,318,17,211.000,1
17.34888,210.500,1.760,319,17,211.000,1
17.35728,210.500,1.760,320,17,211.000,1
17.36568,210.500,1.760,321,17,211.000,1
17.37408,210.500,1.760,322,17,211.000,1
17.38248,210.500,1.760,323,17,211.000,1
17.39088,210.500,1.760,324,17,211.000,1
17.39928,210.500,1.760,325,17,211.000,1
17.40768,210.500,1.760,326,17,211.000,1
17.41608,210.500,1.760,327,17,211.000,1
17.42448,210.500,1.760,328,17,211.000,1
17.43288,210.500,1.760,329,17,211.000,1
17.44128,210.500,1.760,330,17,211.000,1
17.44968,210.500,1.760,331,17,211.000,1
17.45808,210.500,1.760,332,17,211.000,1
17.46648,210.500,1.760,333,17,211.000,1
17.47488,210.500,1.760,333,18,211.000,1
17.48328,210.500,1.760,334,18,211.000,1
17.49168,210.500,1.760,335,18,211.000,1
17.50008,210.500,1.760,336,18,211.000,1
17.50848,210.500,1.760,337,18,211.000,1
17.51688,210.500,1.760,338,18,211.000,1
17.52528,210.500,1.760,339,18,211.000,1
17.53368,210.500,1.760,340,18,211.000,1
17.54208,210.500,1.760,341,18,211.000,1
17.55048,210.500,1.760,342,18,211.000,1
17.55888,210.500,1.760,343,18,211.000,1
17.56728,210.500,1.760,344,18,211.000,1
17.57568,210.500,1.760,345,18,211.000,1
17.58408,210.500,1.760,346,18,211.000,1
17.59248,210.500,1.760,347,18,211.000,1
17.60088,210.500,1.760,348,18,211.000,1
17.60928,210.500,1.760,349,18,211.000,1
17.61768,210.500,1.760,349,19,211.000,1
17.62608,210.500,1.760,350,19,211.000,1
17.63448,210.500,1.760,351,19,211.000,1
17.64288,210.500,1.760,352,19,211.000,1
17.65128,210.500,1.760,353,19,211.000,1
17.65968,210.500,1.760,354,19,211.000,1
17.66654,1.000,1.760,0,20,211.000,0
17.66808,1.000,1.760,1,21,211.000,0
17.67648,1.000,1.760,2,22,211.000,0
17.68488,1.000,1.760,3,22,211.000,0
17.69328,1.000,1.760,4,22,211.000,0
17.70168,1.000,1.760,5,22,211.000,0
17.71008,1.000,1.760,6,22,211.000,0
17.71848,1.000,1.760,7,22,211.000,0
17.72688,1.000,1.760,8,22,211.000,0
17.73528,1.000,1.760,9,22,211.000,0
17.74368,1.000,1.760,10,22,211.000,0
17.75208,1.000,1.760,11,22,211.000,0
17.76048,1.000,1.760,12,22,211.000,0
17.76888,2.000,0.150,0,23,211.000,0
17.77728,2.000,0.150,1,24,211.000,0
17.78568,2.000,0.150,2,25,211.000,0
17.79408,2.000,0.150,3,25,211.000,0
17.80248,2.000,0.150,4,25,211.000,0
17.81088,2.000,0.150,5,25,211.000,0
17.81928,2.000,0.150,6,25,211.000,0
17.82768,2.000,0.150,7,25,211.000,0
17.83608,2.000,0.150,8,25,211.000,0
17.84448,3.000,0.170,0,26,211.000,0
17.86981,3.000,0.170,1,27,211.000,0
17.87821,4.000,0.100,0,29,211.000,0
17.88661,4.000,0.100,1,30,211.000,0
17.94541,5.000,0.100,0,32,211.000,0
17.97074,5.000,0.100,1,33,211.000,0
17.97914,6.000,0.100,0,35,211.000,0
17.98754,6.000,0.100,1,36,211.000,0
17.99594,7.000,0.110,0,38,211.000,0
18.04634,7.000,0.110,1,39,211.000,0
18.05474,8.000,0.110,0,41,211.000,0
18.07166,8.000,0.110,1,42,211.000,0
18.08006,9.000,0.100,0,44,211.000,0
18.08846,9.000,0.100,1,45,211.000,0
18.09686,10.000,0.110,0,47,211.000,0
18.10526,10.000,0.110,1,48,211.000,0
18.11366,11.000,0.120,0,50,211.000,0
18.14726,11.000,0.120,1,51,211.000,0
18.15566,12.000,0.100,0,53,211.000,0
18.16406,12.000,0.100,1,54,211.000,0
18.17259,13.000,0.100,0,56,211.000,0
18.18099,13.000,0.100,1,57,211.000,0
18.18939,14.000,0.110,0,59,211.000,0
18.19779,14.000,0.110,1,60,211.000,0
18.20619,15.000,0.110,0,62,211.000,0
18.21459,15.000,0.110,1,63,211.000,0
18.22299,16.000,0.120,0,65,211.000,0
18.23139,16.000,0.120,1,66,211.000,0
18.23979,17.000,0.130,0,68,211.000,0
18.24819,17.000,0.130,1,69,211.000,0
18.25659,18.000,0.100,0,71,211.000,0
18.26499,18.000,0.100,1,72,211.000,0
18.27339,19.000,0.110,0,74,211.000,0
18.28179,19.000,0.110,1,75,211.000,0
18.29019,20.000,0.120,0,77,211.000,0
18.29859,20.000,0.120,1,78,211.000,0
18.30699,21.000,0.120,0,80,211.000,0
18.31539,21.000,0.120,1,81,211.000,0
18.32379,22.000,0.130,0,83,211.000,0
18.33219,22.000,0.130,1,84,211.000,0
18.34059,23.000,0.130,0,86,211.000,0
18.34899,23.000,0.130,1,87,211.000,0
18.35739,24.000,0.130,0,89,211.000,0
18.36579,24.000,0.130,1,90,211.000,0
18.37419,25.000,0.140,0,92,211.000,0
18.38259,25.000,0.140,1,93,211.000,0
18.39099,26.000,0.150,0,95,211.000,0
18.39939,26.000,0.150,1,96,211.000,0
18.40779,27.000,0.150,0,98,211.000,0
18.41619,27.000,0.150,1,99,211.000,0
18.42459,28.000,0.160,0,101,211.000,0
18.43299,28.000,0.160,1,102,211.000,0
18.44139,29.000,0.170,0,104,211.000,0
18.44979,29.000,0.170,1,105,211.000,0
18.45819,30.000,0.170,0,107,211.000,0
18.46659,30.000,0.170,1,108,211.000,0
18.47499,31.000,0.180,0,110,211.000,0
18.48339,31.000,0.180,1,111,211.000,0
18.49179,32.000,0.180,0,113,211.000,0
18.50019,32.000,0.180,1,114,211.000,0
18.50859,33.000,0.180,0,116,211.000,0
18.51699,33.000,0.180,1,117,211.000,0
18.52539,34.000,0.190,0,119,211.000,0
18.53379,34.000,0.190,1,120,211.000,0
18.54219,35.000,0.200,0,122,211.000,0
18.55059,35.000,0.200,1,123,211.000,0
18.55899,36.000,0.200,0,125,211.000,0
18.56739,36.000,0.200,1,126,211.000,0
18.57579,37.000,0.210,0,128,211.000,0
18.58419,37.000,0.210,1,129,211.000,0
18.59259,38.000,0.220,0,131,211.000,0
18.60099,38.000,0.220,1,132,211.000,0
18.60939,39.000,0.220,0,134,211.000,0
18.61779,39.000,0.220,1,135,211.000,0
18.62619,40.000,0.230,0,137,211.000,0
18.63459,40.000,0.230,1,138,211.000,0
18.64299,41.000,0.240,0,140,211.000,0
18.65139,41.000,0.240,1,141,211.000,0
18.65979,42.000,0.240,0,143,211.000,0
18.66819,42.000,0.240,1,144,211.000,0
18.67659,43.000,0.240,0,146,211.000,0
18.68499,43.000,0.240,1,147,211.000,0
18.69339,44.000,0.250,0,149,211.000,0
18.70179,44.000,0.250,1,150,211.000,0
18.71019,45.000,0.250,0,152,211.000,0
18.71859,45.000,0.250,1,153,211.000,0
18.72699,46.000,0.260,0,155,211.000,0
18.73539,46.000,0.260,1,156,211.000,0
18.74379,47.000,0.270,0,158,211.000,0
18.75219,47.000,0.270,1,159,211.000,0
18.76059,48.000,0.270,0,161,211.000,0
18.76899,48.000,0.270,1,162,211.000,0
18.77739,49.000,0.280,0,164,211.000,0
18.78579,49.000,0.280,1,165,211.000,0
18.79419,50.000,0.290,0,167,211.000,0
18.80259,50.000,0.290,1,168,211.000,0
18.81099,51.000,0.290,0,170,211.000,0
18.81939,51.000,0.290,1,171,211.000,0
18.82779,52.000,0.290,0,173,211.000,0
18.83619,52.000,0.290,1,174,211.000,0
18.84459,53.000,0.300,0,176,211.000,0
18.85299,53.000,0.300,1,177,211.000,0
18.86139,54.000,0.300,0,179,211.000,0
18.86984,54.000,0.300,1,180,211.000,0
18.87824,55.000,0.310,0,182,211.000,0
18.88664,55.000,0.310,1,183,211.000,0
18.89504,56.000,0.320,0,185,211.000,0
18.90344,56.000,0.320,1,186,211.000,0
18.91184,57.000,0.320,0,188,211.000,0
18.92024,57.000,0.320,1,189,211.000,0
18.92864,58.000,0.330,0,191,211.000,0
18.93704,58.000,0.330,1,192,211.000,0
18.94544,59.000,0.340,0,194,211.000,0
18.95384,59.000,0.340,1,195,211.000,0
18.96224,60.000,0.340,0,197,211.000,0
18.97064,60.000,0.340,1,198,211.000,0
18.97904,61.000,0.340,0,200,211.000,0
18.98744,61.000,0.340,1,201,211.000,0
18.99584,62.000,0.350,0,203,211.000,0
19.00424,62.000,0.350,1,204,211.000,0
19.01264,63.000,0.350,0,206,211.000,0
19.02104,63.000,0.350,1,207,211.000,0
19.02944,64.000,0.360,0,209,211.000,0
19.03784,64.000,0.360,1,210,211.000,0
19.04624,65.000,0.370,0,212,211.000,0
19.05464,65.000,0.370,1,213,211.000,0
19.06304,66.000,0.370,0,215,211.000,0
19.07144,66.000,0.370,1,216,211.000,0
19.07984,67.000,0.380,0,218,211.000,0
19.08824,67.000,0.380,1,219,211.000,0
19.09664,68.000,0.390,0,221,211.000,0
19.10504,68.000,0.390,1,222,211.000,0
19.11344,69.000,0.390,0,224,211.000,0
19.12184,69.000,0.390,1,225,211.000,0
19.13024,70.000,0.390,0,227,211.000,0
19.13864,70.000,0.390,1,228,211.000,0
19.14704,71.000,0.400,0,230,211.000,0
19.15544,71.000,0.400,1,231,211.000,0
19.16384,72.000,0.400,0,233,211.000,0
19.17224,72.000,0.400,1,234,211.000,0
19.18064,73.000,0.410,0,236,211.000,0
19.18904,73.000,0.410,1,237,211.000,0
19.19744,74.000,0.420,0,239,211.000,0
19.20584,74.000,0.420,1,240,211.000,0
19.21424,75.000,0.420,0,242,211.000,0
19.22264,75.000,0.420,1,243,211.000,0
19.23104,76.000,0.430,0,245,211.000,0
19.23944,76.000,0.430,1,246,211.000,0
19.24784,77.000,0.440,0,248,211.000,0
19.25624,77.000,0.440,1,249,211.000,0
19.26464,78.000,0.440,0,251,211.000,0
19.27304,78.000,0.440,1,252,211.000,0
19.28144,79.000,0.450,0,254,211.000,0
19.28984,79.000,0.450,1,255,211.000,0
19.29824,80.000,0.450,0,257,211.000,0
19.30664,80.000,0.450,1,258,211.000,0
19.31504,81.000,0.450,0,260,211.000,0
19.32344,81.000,0.450,1,261,211.000,0
19.33184,82.000,0.460,0,263,211.000,0
19.34024,82.000,0.460,1,264,211.000,0
19.34864,83.000,0.470,0,266,211.000,0
19.35704,83.000,0.470,1,267,211.000,0
19.36544,84.000,0.470,0,269,211.000,0
19.37384,84.000,0.470,1,270,211.000,0
19.38224,85.000,0.480,0,272,211.000,0
19.39064,85.000,0.480,1,273,211.000,0
19.39904,86.000,0.490,0,275,211.000,0
19.40744,86.000,0.490,1,276,211.000,0
19.41584,87.000,0.490,0,278,211.000,0
19.42424,87.000,0.490,1,279,211.000,0
19.43264,88.000,0.500,0,281,211.000,0
19.44104,88.000,0.500,1,282,211.000,0
19.44944,89.000,0.500,0,284,211.000,0
19.45784,89.000,0.500,1,285,211.000,0
19.46624,90.000,0.500,0,287,211.000,0
19.47464,90.000,0.500,1,288,211.000,0
19.48304,91.000,0.510,0,290,211.000,0
19.49144,91.000,0.510,1,291,211.000,0
19.49984,92.000,0.520,0,293,211.000,0
19.50824,92.000,0.520,1,294,211.000,0
19.51664,93.000,0.520,0,296,211.000,0
19.52504,93.000,0.520,1,297,211.000,0
19.53344,94.000,0.530,0,299,211.000,0
19.54184,94.000,0.530,1,300,211.000,0
19.55024,95.000,0.540,0,302,211.000,0
19.55864,95.000,0.540,1,303,211.000,0
19.56704,96.000,0.540,0,305,211.000,0
19.57544,96.000,0.540,1,306,211.000,0
19.58384,97.000,0.550,0,308,211.000,0
19.59224,97.000,0.550,1,309,211.000,0
19.60064,98.000,0.550,0,311,211.000,0
19.60904,98.000,0.550,1,312,211.000,0
19.61744,99.000,0.550,0,314,211.000,0
19.62584,99.000,0.550,1,315,211.000,0
19.63424,100.000,0.560,0,317,211.000,0
19.64264,100.000,0.560,1,318,211.000,0
19.65104,101.000,0.570,0,320,211.000,0
19.65944,101.000,0.570,1,321,211.000,0
19.66784,102.000,0.570,0,323,211.000,0
19.67624,102.000,0.570,1,324,211.000,0
19.68464,103.000,0.580,0,326,211.000,0
19.69304,103.000,0.580,1,327,211.000,0
19.70144,104.000,0.590,0,329,211.000,0
19.70984,104.000,0.590,1,330,211.000,0
19.71824,105.000,0.590,0,332,211.000,0
19.72664,105.000,0.590,1,333,211.000,0
19.73504,105.010,0.600,0,334,211.000,1
19.74344,105.010,0.600,1,335,211.000,1
19.75184,105.019,0.600,0,336,211.000,1
19.76024,105.019,0.600,1,337,211.000,1
19.76864,105.029,0.600,0,338,211.000,1
19.77704,105.029,0.600,1,339,211.000,1
19.78544,105.038,0.610,0,340,211.000,1
19.79384,105.038,0.610,1,341,211.000,1
19.80224,105.048,0.620,0,342,211.000,1
19.81064,105.048,0.620,1,343,211.000,1
19.81904,105.057,0.620,0,344,211.000,1
19.82744,105.057,0.620,1,345,211.000,1
19.83584,105.067,0.630,0,346,211.000,1
19.84424,105.067,0.630,1,347,211.000,1
19.85264,105.076,0.640,0,348,211.000,1
19.86104,105.076,0.640,1,349,211.000,1
19.86944,105.086,0.640,0,350,211.000,1
19.87784,105.086,0.640,1,351,211.000,1
19.88624,105.095,0.650,0,352,211.000,1
19.89464,105.095,0.650,1,353,211.000,1
19.90304,105.105,0.660,0,354,211.000,1
19.91144,105.105,0.660,1,355,211.000,1
19.91984,105.114,0.660,0,356,211.000,1
19.92824,105.114,0.660,1,357,211.000,1
19.93664,105.124,0.660,0,358,211.000,1
19.94504,105.124,0.660,1,359,211.000,1
19.95344,105.133,0.670,0,360,211.000,1
19.96184,105.133,0.670,1,361,211.000,1
19.97024,105.143,0.670,0,362,211.000,1
19.97864,105.143,0.670,1,363,211.000,1
19.98704,105.152,0.680,0,364,211.000,1
19.99544,105.152,0.680,1,365,211.000,1
20.00384,105.162,0.690,0,366,211.000,1
20.01224,105.162,0.690,1,367,211.000,1
20.02064,105.171,0.690,0,368,211.000,1
20.02904,105.171,0.690,1,369,211.000,1
20.03744,105.181,0.700,0,370,211.000,1
20.04584,105.181,0.700,1,371,211.000,1
20.05424,105.190,0.710,0,372,211.000,1
20.06264,105.190,0.710,1,373,211.000,1
20.07104,105.200,0.710,0,374,211.000,1
20.07944,105.200,0.710,1,375,211.000,1
20.08784,105.209,0.710,0,376,211.000,1
20.09624,105.209,0.710,1,377,211.000,1
20.10464,105.219,0.720,0,378,211.000,1
20.11304,105.219,0.720,1,379,211.000,1
20.12144,105.228,0.720,0,380,211.000,1
20.12984,105.228,0.720,1,381,211.000,1
20.13824,105.238,0.730,0,382,211.000,1
20.14664,105.238,0.730,1,383,211.000,1
20.15504,105.247,0.740,0,384,211.000,1
20.16344,105.247,0.740,1,385,211.000,1
20.17184,105.257,0.740,0,386,211.000,1
20.18024,105.257,0.740,1,387,211.000,1
20.18864,105.266,0.750,0,388,211.000,1
20.19704,105.266,0.750,1,389,211.000,1
20.20544,105.276,0.760,0,390,211.000,1
20.21384,105.276,0.760,1,391,211.000,1
20.22224,105.285,0.760,0,392,211.000,1
20.23064,105.285,0.760,1,393,211.000,1
20.23904,105.295,0.760,0,394,211.000,1
20.24744,105.295,0.760,1,395,211.000,1
20.25584,105.304,0.770,0,396,211.000,1
20.26424,105.304,0.770,1,397,211.000,1
20.27264,105.314,0.770,0,398,211.000,1
20.28104,105.314,0.770,1,399,211.000,1
20.28944,105.323,0.780,0,400,211.000,1
20.29784,105.323,0.780,1,401,211.000,1
20.30624,105.333,0.790,0,402,211.000,1
20.31464,105.333,0.790,1,403,211.000,1
20.32304,105.342,0.790,0,404,211.000,1
20.33144,105.342,0.790,1,405,211.000,1
20.33984,105.352,0.800,0,406,211.000,1
20.34824,105.352,0.800,1,407,211.000,1
20.35664,105.361,0.810,0,408,211.000,1
20.36504,105.361,0.810,1,409,211.000,1
20.37344,105.371,0.810,0,410,211.000,1
20.38184,105.371,0.810,1,411,211.000,1
20.39024,105.380,0.810,0,412,211.000,1
20.39864,105.380,0.810,1,413,211.000,1
20.40704,105.390,0.820,0,414,211.000,1
20.41544,105.390,0.820,1,415,211.000,1
20.42384,105.399,0.820,0,416,211.000,1
20.43224,105.399,0.820,1,417,211.000,1
20.44064,105.409,0.830,0,418,211.000,1
20.44904,105.409,0.830,1,419,211.000,1
20.45744,105.418,0.840,0,420,211.000,1
20.46584,105.418,0.840,1,421,211.000,1
20.47424,105.428,0.840,0,422,211.000,1
20.48264,105.428,0.840,1,423,211.000,1
20.49104,105.437,0.850,0,424,211.000,1
20.49944,105.437,0.850,1,425,211.000,1
20.50784,105.447,0.860,0,426,211.000,1
20.51624,105.447,0.860,1,427,211.000,1
20.52464,105.456,0.860,0,428,211.000,1
20.53304,105.456,0.860,1,429,211.000,1
20.54144,105.466,0.870,0,430,211.000,1
20.54984,105.466,0.870,1,431,211.000,1
20.55824,105.475,0.870,0,432,211.000,1
20.56664,105.475,0.870,1,433,211.000,1
20.57504,105.485,0.870,0,434,211.000,1
20.58344,105.485,0.870,1,435,211.000,1
20.59184,105.494,0.880,0,436,211.000,1
20.60024,105.494,0.880,1,437,211.000,1
20.60864,105.504,0.890,0,438,211.000,1
20.61704,105.504,0.890,1,439,211.000,1
20.62544,105.513,0.890,0,440,211.000,1
20.63384,105.513,0.890,1,441,211.000,1
20.64224,105.523,0.890,0,442,211.000,1
20.65064,105.523,0.890,1,443,211.000,1
20.65904,105.532,0.890,0,444,211.000,1
20.66744,105.532,0.890,1,445,211.000,1
20.67584,105.541,0.890,0,446,211.000,1
20.68424,105.541,0.890,1,447,211.000,1
20.69264,105.551,0.890,0,448,211.000,1
20.70104,105.551,0.890,1,449,211.000,1
20.70944,105.560,0.890,0,452,211.000,1
20.71784,105.560,0.890,1,453,211.000,1
20.72624,105.560,0.890,2,454,211.000,1
20.73464,105.560,0.890,3,454,211.000,1
20.74304,105.570,0.890,0,454,211.000,1
20.75144,105.570,0.890,1,455,211.000,1
20.75984,105.579,0.890,0,456,211.000,1
20.76824,105.579,0.890,1,457,211.000,1
20.77664,105.589,0.890,0,458,211.000,1
20.78504,105.589,0.890,1,459,211.000,1
20.79344,105.598,0.890,0,460,211.000,1
20.80184,105.598,0.890,1,461,211.000,1
20.81024,105.608,0.890,0,462,211.000,1
20.81864,105.608,0.890,1,463,211.000,1
20.82704,105.617,0.890,0,464,211.000,1
20.83544,105.617,0.890,1,465,211.000,1
20.84384,105.627,0.890,0,466,211.000,1
20.85224,105.627,0.890,1,467,211.000,1
20.86064,105.636,0.890,0,468,211.000,1
20.86904,105.636,0.890,1,469,211.000,1
20.87744,105.646,0.890,0,470,211.000,1
20.88584,105.646,0.890,1,471,211.000,1
20.89424,105.655,0.890,0,472,211.000,1
20.90264,105.655,0.890,1,473,211.000,1
20.91104,105.665,0.890,0,474,211.000,1
20.91944,105.665,0.890,1,475,211.000,1
20.92784,105.674,0.890,0,476,211.000,1
20.93624,105.674,0.890,1,477,211.000,1
20.94464,105.684,0.890,0,478,211.000,1
20.95304,105.684,0.890,1,479,211.000,1
20.96144,105.693,0.890,0,480,211.000,1
20.96984,105.693,0.890,1,481,211.000,1
20.97824,105.702,0.890,0,482,211.000,1
20.98664,105.702,0.890,1,483,211.000,1
20.99504,105.712,0.890,0,484,211.000,1
21.00344,105.712,0.890,1,485,211.000,1
21.01184,105.721,0.890,0,486,211.000,1
21.02024,105.721,0.890,1,487,211.000,1
21.02864,105.731,0.890,0,488,211.000,1
21.03704,105.731,0.890,1,489,211.000,1
21.04544,105.740,0.890,0,490,211.000,1
21.05384,105.740,0.890,1,491,211.000,1
21.06229,105.750,0.890,0,492,211.000,1
21.07069,105.750,0.890,1,493,211.000,1
21.07909,105.759,0.890,0,494,211.000,1
21.08749,105.759,0.890,1,495,211.000,1
21.09589,105.769,0.890,0,496,211.000,1
21.10429,105.769,0.890,1,497,211.000,1
21.11269,105.778,0.890,0,498,211.000,1
21.12109,105.778,0.890,1,499,211.000,1
21.12949,105.788,0.890,0,500,211.000,1
21.13789,105.788,0.890,1,501,211.000,1
21.14629,105.797,0.890,0,502,211.000,1
21.15469,105.797,0.890,1,503,211.000,1
21.16309,105.806,0.890,0,504,211.000,1
21.17149,105.806,0.890,1,505,211.000,1
21.17989,105.816,0.890,0,506,211.000,1
21.18829,105.816,0.890,1,507,211.000,1
21.19669,105.825,0.890,0,508,211.000,1
21.20509,105.825,0.890,1,509,211.000,1
21.21349,105.835,0.890,0,509,211.000,1
21.22189,105.835,0.890,1,509,211.000,1
21.23029,105.835,0.890,2,509,211.000,1
21.23869,105.835,0.890,3,509,211.000,1
21.24709,105.835,0.890,4,509,211.000,1
21.25549,105.835,0.890,5,509,211.000,1
21.26389,105.835,0.890,6,509,211.000,1
21.27229,105.835,0.890,7,509,211.000,1
21.28069,105.835,0.890,8,509,211.000,1
21.28909,105.835,0.890,9,509,211.000,1
21.29749,105.835,0.890,10,509,211.000,1
21.30589,105.835,0.890,11,509,211.000,1
21.31429,105.835,0.890,12,509,211.000,1
21.32269,105.835,0.890,13,509,211.000,1
21.33109,105.835,0.890,14,509,211.000,1
21.33949,105.835,0.890,15,509,211.000,1
21.34789,105.835,0.890,16,509,211.000,1
21.35629,105.835,0.890,17,509,211.000,1
21.36469,105.835,0.890,18,509,211.000,1
21.37309,105.835,0.890,19,509,211.000,1
21.38149,105.835,0.890,20,509,211.000,1
21.38989,105.835,0.890,21,509,211.000,1
21.39829,105.835,0.890,22,509,211.000,1
21.40669,105.835,0.890,23,509,211.000,1
21.41509,105.835,0.890,24,509,211.000,1
21.42349,105.835,0.890,25,509,211.000,1
21.43189,105.835,0.890,26,509,211.000,1
21.44029,105.835,0.890,27,509,211.000,1
21.44869,105.835,0.890,28,509,211.000,1
21.45709,105.835,0.890,29,509,211.000,1
21.46549,105.835,0.890,30,509,211.000,1
21.47389,105.835,0.890,31,509,211.000,1
21.48229,105.835,0.890,32,509,211.000,1
21.49069,105.835,0.890,33,509,211.000,1
21.49909,105.835,0.890,34,509,211.000,1
21.50749,105.835,0.890,35,509,211.000,1
21.51589,105.835,0.890,36,509,211.000,1
21.52429,105.835,0.890,37,509,211.000,1
21.53269,105.835,0.890,38,509,211.000,1
21.54109,105.835,0.890,39,509,211.000,1
21.54949,105.835,0.890,40,509,211.000,1
21.55789,105.835,0.890,41,509,211.000,1
21.56629,105.835,0.890,42,509,211.000,1
21.57469,105.835,0.890,43,509,211.000,1
21.58309,105.835,0.890,44,509,211.000,1
21.59149,105.835,0.890,45,509,211.000,1
21.59989,105.835,0.890,46,509,211.000,1
21.60829,105.835,0.890,47,509,211.000,1
21.61669,105.835,0.890,48,509,211.000,1
21.62509,105.835,0.890,49,509,211.000,1
21.63349,105.835,0.890,50,509,211.000,1
21.64189,105.835,0.890,51,509,211.000,1
21.65029,105.835,0.890,52,509,211.000,1
21.65869,105.835,0.890,53,509,211.000,1
21.66709,105.835,0.890,54,509,211.000,1
21.67549,105.835,0.890,55,509,211.000,1
21.68389,105.835,0.890,56,509,211.000,1
21.69229,105.835,0.890,57,509,211.000,1
21.70069,105.835,0.890,58,509,211.000,1
21.70909,105.835,0.890,59,509,211.000,1
21.71749,105.835,0.890,60,509,211.000,1
21.72589,105.835,0.890,61,509,211.000,1
21.73429,105.835,0.890,62,509,211.000,1
21.74269,105.835,0.890,63,509,211.000,1
21.75109,105.835,0.890,64,509,211.000,1
21.75949,105.835,0.890,65,509,211.000,1
21.76789,105.835,0.890,66,509,211.000,1
21.77629,105.835,0.890,67,509,211.000,1
21.78469,105.835,0.890,68,509,211.000,1
21.79309,105.835,0.890,69,509,211.000,1
21.80149,105.835,0.890,70,509,211.000,1
21.80989,105.835,0.890,71,509,211.000,1
21.81829,105.835,0.890,72,509,211.000,1
21.82669,105.835,0.890,73,509,211.000,1
21.83509,105.835,0.890,74,509,211.000,1
21.84349,105.835,0.890,75,509,211.000,1
21.85189,105.835,0.890,76,509,211.000,1
21.86029,105.835,0.890,77,509,211.000,1
21.86869,105.835,0.890,78,509,211.000,1
21.87709,105.835,0.890,79,509,211.000,1
21.88549,105.835,0.890,80,509,211.000,1
21.89389,105.835,0.890,81,509,211.000,1
21.90229,105.835,0.890,82,509,211.000,1
21.91069,105.835,0.890,83,509,211.000,1
21.91909,105.835,0.890,84,509,211.000,1
21.92749,105.835,0.890,85,509,211.000,1
21.93589,105.835,0.890,86,509,211.000,1
21.94429,105.835,0.890,87,509,211.000,1
21.95269,105.835,0.890,88,509,211.000,1
21.96109,105.835,0.890,89,509,211.000,1
21.96949,105.835,0.890,90,509,211.000,1
21.97789,105.835,0.890,91,509,211.000,1
21.98629,105.835,0.890,92,509,211.000,1
21.99469,105.835,0.890,93,509,211.000,1
22.00309,105.835,0.890,94,509,211.000,1
22.01149,105.835,0.890,95,509,211.000,1
22.01989,105.835,0.890,96,509,211.000,1
22.02829,105.835,0.890,97,509,211.000,1
22.03669,105.835,0.890,98,509,211.000,1
22.04509,105.835,0.890,99,509,211.000,1
22.05349,105.835,0.890,100,509,211.000,1
22.06189,105.835,0.890,101,509,211.000,1
22.07029,105.835,0.890,102,509,211.000,1
22.07869,105.835,0.890,103,509,211.000,1
22.08709,105.835,0.890,104,509,211.000,1
22.09549,105.835,0.890,105,509,211.000,1
22.10389,105.844,0.890,0,509,211.000,1
22.11229,105.854,0.900,0,509,211.000,1
22.12069,105.863,0.910,0,509,211.000,1
22.12909,105.873,0.920,0,509,211.000,1
22.13749,105.882,0.920,0,509,211.000,1
22.14589,105.891,0.930,0,509,211.000,1
22.15429,105.901,0.940,0,509,211.000,1
22.16269,105.910,0.950,0,509,211.000,1
22.17109,105.920,0.960,0,509,211.000,1
22.17949,105.929,0.970,0,509,211.000,1
22.18789,105.939,0.970,0,509,211.000,1
22.19629,105.948,0.980,0,509,211.000,1
22.20469,105.958,0.990,0,509,211.000,1
22.21309,105.967,1.000,0,509,211.000,1
22.22149,105.976,1.010,0,509,211.000,1
22.22989,105.986,1.020,0,509,211.000,1
22.23829,105.995,1.020,0,509,211.000,1
22.24669,106.005,1.030,0,509,211.000,1
22.25509,106.014,1.040,0,509,211.000,1
22.26349,106.024,1.050,0,509,211.000,1
22.27189,106.033,1.060,0,509,211.000,1
22.28029,106.042,1.070,0,509,211.000,1
22.28869,106.052,1.080,0,509,211.000,1
22.29709,106.061,1.080,0,509,211.000,1
22.30549,106.071,1.090,0,509,211.000,1
22.31389,106.080,1.100,0,509,211.000,1
22.32229,106.090,1.110,0,509,211.000,1
22.33069,106.099,1.120,0,509,211.000,1
22.33909,106.108,1.130,0,509,211.000,1
22.34749,106.118,1.130,0,509,211.000,1
22.35589,106.127,1.140,0,509,211.000,1
22.36429,106.137,1.150,0,509,211.000,1
22.37269,106.146,1.160,0,509,211.000,1
22.38109,106.156,1.170,0,509,211.000,1
22.38949,106.165,1.180,0,509,211.000,1
22.39789,106.174,1.180,0,509,211.000,1
22.40629,106.184,1.190,0,509,211.000,1
22.41469,106.193,1.200,0,509,211.000,1
22.42309,106.203,1.210,0,509,211.000,1
22.43149,106.212,1.220,0,509,211.000,1
22.43989,106.222,1.230,0,509,211.000,1
22.44829,106.231,1.230,0,509,211.000,1
22.45669,106.240,1.240,0,509,211.000,1
22.46509,106.250,1.250,0,509,211.000,1
22.47349,106.259,1.260,0,509,211.000,1
22.48189,106.269,1.270,0,509,211.000,1
22.49029,106.278,1.280,0,509,211.000,1
22.49869,106.287,1.290,0,509,211.000,1
22.50709,106.297,1.290,0,509,211.000,1
22.51549,106.306,1.300,0,509,211.000,1
22.52389,106.316,1.310,0,509,211.000,1
22.53229,106.325,1.320,0,509,211.000,1
22.54069,106.334,1.330,0,509,211.000,1
22.54909,106.344,1.340,0,509,211.000,1
22.55749,106.353,1.340,0,509,211.000,1
22.56589,106.363,1.350,0,509,211.000,1
22.57429,106.372,1.360,0,509,211.000,1
22.58269,106.381,1.370,0,509,211.000,1
22.59109,106.391,1.380,0,509,211.000,1
22.59949,106.400,1.390,0,509,211.000,1
22.60789,106.410,1.390,0,509,211.000,1
22.61629,106.419,1.400,0,509,211.000,1
22.62469,106.428,1.410,0,509,211.000,1
22.63309,106.438,1.420,0,509,211.000,1
22.64149,106.447,1.430,0,509,211.000,1
22.64989,106.457,1.440,0,509,211.000,1
22.65829,106.466,1.440,0,509,211.000,1
22.66669,106.475,1.450,0,509,211.000,1
22.67509,106.485,1.460,0,509,211.000,1
22.68349,106.494,1.470,0,509,211.000,1
22.69189,106.504,1.480,0,509,211.000,1
22.70029,106.513,1.490,0,509,211.000,1
22.70869,106.522,1.500,0,509,211.000,1
22.71709,106.532,1.500,0,509,211.000,1
22.72549,106.541,1.510,0,509,211.000,1
22.73389,106.551,1.520,0,509,211.000,1
22.74229,106.560,1.530,0,509,211.000,1
22.75069,106.569,1.540,0,509,211.000,1
22.75909,106.579,1.550,0,509,211.000,1
22.76749,106.588,1.550,0,509,211.000,1
22.77589,106.597,1.560,0,509,211.000,1
22.78429,106.607,1.570,0,509,211.000,1
22.79269,106.616,1.580,0,509,211.000,1
22.80109,106.626,1.590,0,509,211.000,1
22.80949,106.635,1.600,0,509,211.000,1
22.81789,106.644,1.600,0,509,211.000,1
22.82629,106.654,1.610,0,509,211.000,1
22.83469,106.663,1.620,0,509,211.000,1
22.84309,106.672,1.630,0,509,211.000,1
22.85149,106.682,1.640,0,509,211.000,1
22.85989,106.691,1.650,0,509,211.000,1
22.86829,106.701,1.650,0,509,211.000,1
22.87669,106.710,1.660,0,509,211.000,1
22.88509,106.719,1.670,0,509,211.000,1
22.89349,106.729,1.680,0,509,211.000,1
22.90189,106.738,1.690,0,509,211.000,1
22.91029,106.747,1.700,0,509,211.000,1
22.91869,106.757,1.710,0,509,211.000,1
22.92709,106.766,1.710,0,509,211.000,1
22.93549,106.776,1.720,0,509,211.000,1
22.94389,106.785,1.730,0,509,211.000,1
22.95229,106.794,1.740,0,509,211.000,1
22.96069,106.804,1.750,0,509,211.000,1
22.96909,106.813,1.760,0,509,211.000,1
22.97749,106.822,1.760,0,509,211.000,1
22.98589,106.832,1.760,0,509,211.000,1
22.99429,106.841,1.760,0,509,211.000,1
23.00269,106.850,0.880,0,509,211.000,1
23.01109,106.860,0.880,0,509,211.000,1
23.01949,106.869,0.880,0,509,211.000,1
23.02789,106.879,0.880,0,509,211.000,1
23.03629,106.888,0.880,0,509,211.000,1
23.04469,106.897,0.880,0,509,211.000,1
23.05309,106.907,0.880,0,509,211.000,1
23.06149,106.916,0.880,0,509,211.000,1
23.06989,106.925,0.880,0,509,211.000,1
23.07829,106.935,0.880,0,509,211.000,1
23.08669,106.944,0.880,0,509,211.000,1
23.09509,106.953,0.880,0,509,211.000,1
23.10349,106.963,0.880,0,509,211.000,1
23.11189,106.972,0.880,0,509,211.000,1
23.12029,106.981,0.880,0,509,211.000,1
23.12869,106.991,0.880,0,509,211.000,1
23.13709,107.000,0.890,0,509,211.000,1
23.14549,107.009,0.890,0,509,211.000,1
23.15389,107.019,0.890,0,509,211.000,1
23.16234,107.028,0.890,0,509,211.000,1
23.17074,107.037,0.890,0,509,211.000,1
23.17914,107.047,0.890,0,509,211.000,1
23.18754,107.056,0.890,0,509,211.000,1
23.19594,107.065,0.890,0,509,211.000,1
23.20434,107.075,0.890,0,509,211.000,1
23.21274,107.084,0.890,0,509,211.000,1
23.22114,107.094,0.890,0,509,211.000,1
23.22954,107.103,0.890,0,509,211.000,1
23.23794,107.112,0.890,0,509,211.000,1
23.24634,107.122,0.890,0,509,211.000,1
23.25474,107.131,0.890,0,509,211.000,1
23.26314,107.140,0.890,0,509,211.000,1
23.27154,107.150,0.890,0,509,211.000,1
23.27994,107.159,0.890,0,509,211.000,1
23.28834,107.168,0.890,0,509,211.000,1
23.29674,107.178,0.890,0,509,211.000,1
23.30514,107.187,0.890,0,509,211.000,1
23.31354,107.196,0.890,0,509,211.000,1
23.32194,107.206,0.890,0,509,211.000,1
23.33034,107.215,0.890,0,509,211.000,1
23.33874,107.224,0.890,0,509,211.000,1
23.34714,107.233,0.890,0,509,211.000,1
23.35554,107.243,0.890,0,509,211.000,1
23.36394,107.252,0.890,0,509,211.000,1
23.37234,107.261,0.890,0,509,211.000,1
23.38074,107.271,0.890,0,509,211.000,1
23.38914,107.280,0.890,0,509,211.000,1
23.39754,107.289,0.890,0,509,211.000,1
23.40594,107.299,0.890,0,509,211.000,1
23.41434,107.308,0.890,0,509,211.000,1
23.42274,107.317,0.890,0,509,211.000,1
23.43114,107.327,0.890,0,509,211.000,1
23.43954,107.336,0.890,0,509,211.000,1
23.44794,107.345,0.890,0,509,211.000,1
23.45634,107.355,0.890,0,509,211.000,1
23.46474,107.364,0.890,0,509,211.000,1
23.47314,107.373,0.890,0,509,211.000,1
23.48154,107.383,0.890,0,509,211.000,1
23.48994,107.392,0.890,0,509,211.000,1
23.49834,107.401,0.890,0,509,211.000,1
23.50674,107.411,0.890,0,509,211.000,1
23.51514,107.420,0.890,0,509,211.000,1
23.52354,107.429,0.890,0,509,211.000,1
23.53194,107.438,0.890,0,509,211.000,1
23.54034,107.448,0.890,0,509,211.000,1
23.54874,107.457,0.890,0,509,211.000,1
23.55714,107.466,0.890,0,509,211.000,1
23.56554,107.476,0.890,0,509,211.000,1
23.57394,107.485,0.890,0,509,211.000,1
23.58234,107.494,0.890,0,509,211.000,1
23.59074,107.504,0.890,0,509,211.000,1
23.59914,107.513,0.890,0,509,211.000,1
23.60754,107.522,0.890,0,509,211.000,1
23.61594,107.532,0.890,0,509,211.000,1
23.62434,107.541,0.890,0,509,211.000,1
23.63274,107.550,0.890,0,509,211.000,1
23.64114,107.559,0.890,0,509,211.000,1
23.64954,107.569,0.890,0,509,211.000,1
23.65794,107.578,0.890,0,509,211.000,1
23.66634,107.587,0.890,0,509,211.000,1
23.67474,107.597,0.890,0,509,211.000,1
23.68314,107.606,0.890,0,509,211.000,1
23.69154,107.615,0.890,0,509,211.000,1
23.69994,107.624,0.890,0,509,211.000,1
23.70834,107.634,0.890,0,509,211.000,1
23.71674,107.643,0.890,0,509,211.000,1
23.72514,107.652,0.890,0,509,211.000,1
23.73354,107.662,0.890,0,509,211.000,1
23.74194,107.671,0.890,0,509,211.000,1
23.75034,107.680,0.890,0,509,211.000,1
23.75874,107.689,0.890,0,509,211.000,1
23.76714,107.699,0.890,0,509,211.000,1
23.77554,107.708,0.890,0,509,211.000,1
23.78394,107.717,0.890,0,509,211.000,1
23.79234,107.727,0.890,0,509,211.000,1
23.80074,107.736,0.890,0,509,211.000,1
23.80914,107.745,0.890,0,509,211.000,1
23.81754,107.754,0.890,0,509,211.000,1
23.82594,107.764,0.890,0,509,211.000,1
23.83434,107.773,0.890,0,509,211.000,1
23.84274,107.782,0.890,0,509,211.000,1
23.85114,107.792,0.890,0,509,211.000,1
23.85954,107.801,0.890,0,509,211.000,1
23.86794,107.810,0.890,0,509,211.000,1
23.87634,107.819,0.890,0,509,211.000,1
23.88474,107.829,0.890,0,509,211.000,1
23.89314,107.838,0.890,0,509,211.000,1
23.90154,107.847,0.890,0,509,211.000,1
23.90994,107.857,0.890,0,509,211.000,1
23.91834,107.866,0.890,0,509,211.000,1
23.92674,107.875,0.890,0,509,211.000,1
23.93514,107.884,0.890,0,509,211.000,1
23.94354,107.894,0.890,0,509,211.000,1
23.95194,107.903,0.890,0,509,211.000,1
23.96034,107.912,0.890,0,509,211.000,1
23.96874,107.921,0.890,0,509,211.000,1
23.97714,107.931,0.890,0,509,211.000,1
23.98554,107.940,0.890,0,509,211.000,1
23.99394,107.949,0.890,0,509,211.000,1
24.00234,107.958,0.890,0,509,211.000,1
24.01074,107.968,0.890,0,509,211.000,1
24.01914,107.977,0.890,0,509,211.000,1
24.02754,107.986,0.890,0,509,211.000,1
24.03594,107.996,0.900,0,509,211.000,1
24.04434,108.005,0.900,0,509,211.000,1
24.05274,108.014,0.900,0,509,211.000,1
24.06114,108.023,0.900,0,509,211.000,1
24.06954,108.033,0.900,0,509,211.000,1
24.07794,108.042,0.900,0,509,211.000,1
24.08634,108.051,0.900,0,509,211.000,1
24.09474,108.060,0.900,0,509,211.000,1
24.10314,108.070,0.900,0,509,211.000,1
24.11154,108.079,0.900,0,509,211.000,1
24.11994,108.088,0.900,0,509,211.000,1
24.12834,108.097,0.900,0,509,211.000,1
24.13674,108.107,0.900,0,509,211.000,1
24.14514,108.116,0.900,0,509,211.000,1
24.15354,108.125,0.900,0,509,211.000,1
24.16194,108.134,0.900,0,509,211.000,1
24.17034,108.144,0.900,0,509,211.000,1
24.17874,108.153,0.900,0,509,211.000,1
24.18714,108.162,0.900,0,509,211.000,1
24.19554,108.171,0.900,0,509,211.000,1
24.20394,108.181,0.900,0,509,211.000,1
24.21234,108.190,0.900,0,509,211.000,1
24.22074,108.199,0.900,0,509,211.000,1
24.22914,108.208,0.900,0,509,211.000,1
24.23754,108.218,0.900,0,509,211.000,1
24.24594,108.227,0.900,0,509,211.000,1
24.25434,108.236,0.900,0,509,211.000,1
24.26274,108.245,0.900,0,509,211.000,1
24.27114,108.254,0.900,0,509,211.000,1
24.27954,108.264,0.900,0,509,211.000,1
24.28794,108.273,0.900,0,509,211.000,1
24.29634,108.282,0.900,0,509,211.000,1
24.30474,108.291,0.900,0,509,211.000,1
24.31314,108.301,0.900,0,509,211.000,1
24.32154,108.310,0.900,0,509,211.000,1
24.32994,108.319,0.900,0,509,211.000,1
24.33834,108.328,0.900,0,509,211.000,1
24.34674,108.338,0.900,0,509,211.000,1
24.35514,108.347,0.900,0,509,211.000,1
24.36354,108.356,0.900,0,509,211.000,1
24.37194,108.365,0.900,0,509,211.000,1
24.38034,108.374,0.900,0,509,211.000,1
24.38874,108.384,0.900,0,509,211.000,1
24.39714,108.393,0.900,0,509,211.000,1
24.40554,108.402,0.900,0,509,211.000,1
24.41394,108.411,0.900,0,509,211.000,1
24.42234,108.421,0.900,0,509,211.000,1
24.43074,108.430,0.900,0,509,211.000,1
24.43914,108.439,0.900,0,509,211.000,1
24.44754,108.448,0.900,0,509,211.000,1
24.45594,108.458,0.900,0,509,211.000,1
24.46434,108.467,0.900,0,509,211.000,1
24.47274,108.476,0.900,0,509,211.000,1
24.48114,108.485,0.900,0,509,211.000,1
24.48954,108.494,0.900,0,509,211.000,1
24.49794,108.504,0.900,0,509,211.000,1
24.50634,108.513,0.900,0,509,211.000,1
24.51474,108.522,0.900,0,509,211.000,1
24.52314,108.531,0.900,0,509,211.000,1
24.53154,108.540,0.900,0,509,211.000,1
24.53994,108.550,0.900,0,509,211.000,1
24.54834,108.559,0.900,0,509,211.000,1
24.55674,108.568,0.900,0,509,211.000,1
24.56514,108.577,0.900,0,509,211.000,1
24.57354,108.587,0.900,0,509,211.000,1
24.58194,108.596,0.900,0,509,211.000,1
24.59034,108.605,0.900,0,509,211.000,1
24.59874,108.614,0.900,0,509,211.000,1
24.60714,108.623,0.900,0,509,211.000,1
24.61554,108.633,0.900,0,509,211.000,1
24.62394,108.642,0.900,0,509,211.000,1
24.63234,108.651,0.900,0,509,211.000,1
24.64074,108.660,0.900,0,509,211.000,1
24.64914,108.669,0.900,0,509,211.000,1
24.65754,108.679,0.900,0,509,211.000,1
24.66594,108.688,0.900,0,509,211.000,1
24.67434,108.697,0.900,0,509,211.000,1
24.68274,108.706,0.900,0,509,211.000,1
24.69114,108.715,0.900,0,509,211.000,1
24.69954,108.725,0.900,0,509,211.000,1
24.70794,108.734,0.900,0,509,211.000,1
24.71634,108.743,0.900,0,509,211.000,1
24.72474,108.752,0.900,0,509,211.000,1
24.73314,108.761,0.900,0,509,211.000,1
24.74154,108.771,0.900,0,509,211.000,1
24.74994,108.780,0.900,0,509,211.000,1
24.75834,108.789,0.900,0,509,211.000,1
24.76674,108.798,0.900,0,509,211.000,1
24.77514,108.807,0.900,0,509,211.000,1
24.78354,108.817,0.900,0,509,211.000,1
24.79194,108.826,0.900,0,509,211.000,1
24.80034,108.835,0.900,0,509,211.000,1
24.80874,108.844,0.900,0,509,211.000,1
24.81714,108.853,0.900,0,509,211.000,1
24.82554,108.862,0.900,0,509,211.000,1
24.83394,108.872,0.900,0,509,211.000,1
24.84234,108.881,0.900,0,509,211.000,1
24.85074,108.890,0.900,0,509,211.000,1
24.85914,108.899,0.900,0,509,211.000,1
24.86754,108.908,0.900,0,509,211.000,1
24.87594,108.918,0.900,0,509,211.000,1
24.88434,108.927,0.900,0,509,211.000,1
24.89274,108.936,0.900,0,509,211.000,1
24.90114,108.945,0.900,0,509,211.000,1
24.90954,108.954,0.900,0,509,211.000,1
24.91794,108.963,0.900,0,509,211.000,1
24.92634,108.973,0.900,0,509,211.000,1
24.93474,108.982,0.900,0,509,211.000,1
24.94314,108.991,0.900,0,509,211.000,1
24.95154,109.000,0.910,0,509,211.000,1
24.95994,109.009,0.910,0,509,211.000,1
24.96834,109.019,0.910,0,509,211.000,1
24.97674,109.028,0.910,0,509,211.000,1
24.98514,109.037,0.910,0,509,211.000,1
24.99354,109.046,0.910,0,509,211.000,1
25.00194,109.055,0.910,0,509,211.000,1
25.01034,109.064,0.910,0,509,211.000,1
25.01874,109.074,0.910,0,509,211.000,1
25.02714,109.083,0.910,0,509,211.000,1
25.03554,109.092,0.910,0,509,211.000,1
25.04394,109.101,0.910,0,509,211.000,1
25.05234,109.110,0.910,0,509,211.000,1
25.06074,109.119,0.910,0,509,211.000,1
25.06914,109.129,0.910,0,509,211.000,1
25.07754,109.138,0.910,0,509,211.000,1
25.08594,109.147,0.910,0,509,211.000,1
25.09434,109.156,0.910,0,509,211.000,1
25.10274,109.165,0.910,0,509,211.000,1
25.11114,109.174,0.910,0,509,211.000,1
25.11954,109.184,0.910,0,509,211.000,1
25.12794,109.193,0.910,0,509,211.000,1
25.13634,109.202,0.910,0,509,211.000,1
25.14474,109.211,0.910,0,509,211.000,1
25.15314,109.220,0.910,0,509,211.000,1
25.16154,109.229,0.910,0,509,211.000,1
25.16994,109.238,0.910,0,509,211.000,1
25.17834,109.248,0.910,0,509,211.000,1
25.18674,109.257,0.910,0,509,211.000,1
25.19514,109.266,0.910,0,509,211.000,1
25.20354,109.275,0.910,0,509,211.000,1
25.21194,109.284,0.910,0,509,211.000,1
25.22034,109.293,0.910,0,509,211.000,1
25.22874,109.303,0.910,0,509,211.000,1
25.23714,109.312,0.910,0,509,211.000,1
25.24554,109.321,0.910,0,509,211.000,1
25.25394,109.330,0.910,0,509,211.000,1
25.26234,109.339,0.910,0,509,211.000,1
25.27074,109.348,0.910,0,509,211.000,1
25.27914,109.357,0.910,0,509,211.000,1
25.28754,109.367,0.910,0,509,211.000,1
25.29594,109.376,0.910,0,509,211.000,1
25.30438,109.385,0.910,0,509,211.000,1
25.31278,109.394,0.910,0,509,211.000,1
25.32118,109.403,0.910,0,509,211.000,1
25.32958,109.412,0.910,0,509,211.000,1
25.33798,109.421,0.910,0,509,211.000,1
25.34638,109.431,0.910,0,509,211.000,1
25.35478,109.440,0.910,0,509,211.000,1
25.36318,109.449,0.910,0,509,211.000,1
25.37158,109.458,0.910,0,509,211.000,1
25.37998,109.467,0.910,0,509,211.000,1
25.38838,109.476,0.910,0,509,211.000,1
25.39678,109.485,0.910,0,509,211.000,1
25.40518,109.494,0.910,0,509,211.000,1
25.41358,109.504,0.910,0,509,211.000,1
25.42198,109.513,0.910,0,509,211.000,1
25.43038,109.522,0.910,0,509,211.000,1
25.43878,109.531,0.910,0,509,211.000,1
25.44718,109.540,0.910,0,509,211.000,1
25.45558,109.549,0.910,0,509,211.000,1
25.46398,109.558,0.910,0,509,211.000,1
25.47238,109.568,0.910,0,509,211.000,1
25.48078,109.577,0.910,0,509,211.000,1
25.48918,109.586,0.910,0,509,211.000,1
25.49758,109.595,0.910,0,509,211.000,1
25.50598,109.604,0.910,0,509,211.000,1
25.51438,109.613,0.910,0,509,211.000,1
25.52278,109.622,0.910,0,509,211.000,1
25.53118,109.631,0.910,0,509,211.000,1
25.53958,109.641,0.910,0,509,211.000,1
25.54798,109.650,0.910,0,509,211.000,1
25.55638,109.659,0.910,0,509,211.000,1
25.56478,109.668,0.910,0,509,211.000,1
25.57318,109.677,0.910,0,509,211.000,1
25.58158,109.686,0.910,0,509,211.000,1
25.58998,109.695,0.910,0,509,211.000,1
25.59838,109.704,0.910,0,509,211.000,1
25.60678,109.713,0.910,0,509,211.000,1
25.61518,109.723,0.910,0,509,211.000,1
25.62358,109.732,0.910,0,509,211.000,1
25.63198,109.741,0.910,0,509,211.000,1
25.64038,109.750,0.910,0,509,211.000,1
25.64878,109.759,0.910,0,509,211.000,1
25.65718,109.768,0.910,0,509,211.000,1
25.66558,109.777,0.910,0,509,211.000,1
25.67398,109.786,0.910,0,509,211.000,1
25.68238,109.795,0.910,0,509,211.000,1
25.69078,109.805,0.910,0,509,211.000,1
25.69918,109.814,0.910,0,509,211.000,1
25.70758,109.823,0.910,0,509,211.000,1
25.71598,109.832,0.910,0,509,211.000,1
25.72438,109.841,0.910,0,509,211.000,1
25.73278,109.850,0.910,0,509,211.000,1
25.74118,109.859,0.910,0,509,211.000,1
25.74958,109.868,0.910,0,509,211.000,1
25.75798,109.877,0.910,0,509,211.000,1
25.76638,109.887,0.910,0,509,211.000,1
25.77478,109.896,0.910,0,509,211.000,1
25.78318,109.905,0.910,0,509,211.000,1
25.79158,109.914,0.910,0,509,211.000,1
25.79998,109.923,0.910,0,509,211.000,1
25.80838,109.932,0.910,0,509,211.000,1
25.81678,109.941,0.910,0,509,211.000,1
25.82518,109.950,0.910,0,509,211.000,1
25.83358,109.959,0.910,0,509,211.000,1
25.84198,109.968,0.910,0,509,211.000,1
25.85038,109.977,0.910,0,509,211.000,1
25.85878,109.987,0.910,0,509,211.000,1
25.86718,109.996,0.920,0,509,211.000,1
25.87558,110.005,0.920,0,509,211.000,1
25.88398,110.014,0.920,0,509,211.000,1
25.89238,110.023,0.920,0,509,211.000,1
25.90078,110.032,0.920,0,509,211.000,1
25.90918,110.041,0.920,0,509,211.000,1
25.91758,110.050,0.920,0,509,211.000,1
25.92598,110.059,0.920,0,509,211.000,1
25.93438,110.068,0.920,0,509,211.000,1
25.94278,110.077,0.920,0,509,211.000,1
25.95118,110.087,0.920,0,509,211.000,1
25.95958,110.096,0.920,0,509,211.000,1
25.96798,110.105,0.920,0,509,211.000,1
25.97638,110.114,0.920,0,509,211.000,1
25.98478,110.123,0.920,0,509,211.000,1
25.99318,110.132,0.920,0,509,211.000,1
26.00158,110.141,0.920,0,509,211.000,1
26.00998,110.150,0.920,0,509,211.000,1
26.01838,110.159,0.920,0,509,211.000,1
26.02678,110.168,0.920,0,509,211.000,1
26.03518,110.177,0.920,0,509,211.000,1
26.04358,110.186,0.920,0,509,211.000,1
26.05198,110.196,0.920,0,509,211.000,1
26.06038,110.205,0.920,0,509,211.000,1
26.06878,110.214,0.920,0,509,211.000,1
26.07718,110.223,0.920,0,509,211.000,1
26.08558,110.232,0.920,0,509,211.000,1
26.09398,110.241,0.920,0,509,211.000,1
26.10238,110.250,0.920,0,509,211.000,1
26.11078,110.259,0.920,0,509,211.000,1
26.11918,110.268,0.920,0,509,211.000,1
26.12758,110.277,0.920,0,509,211.000,1
26.13598,110.286,0.920,0,509,211.000,1
26.14438,110.295,0.920,0,509,211.000,1
26.15278,110.304,0.920,0,509,211.000,1
26.16118,110.313,0.920,0,509,211.000,1
26.16958,110.322,0.920,0,509,211.000,1
26.17798,110.332,0.920,0,509,211.000,1
